6,6_Easy_2ffa3ab4-5e28-49ae-b4ae-8657dd8a1b20
6,6_Easy_558af342-6616-4869-a0ac-a6ab18e6f0dc
6,6_Easy_7223d869-3a05-4f4d-8250-477c328c4a42
6,6_Easy_0b0fe4e9-4774-4862-b7ce-a38e4dcf3c22
6,6_Easy_a9650e28-a610-46a6-9a4d-091f24ac4948
6,6_Easy_345bd18b-8c38-45a7-975e-03f076c72990
6,6_Averge_1424658f-582f-4822-8430-37c692e85eec
6,6_Averge_dd438b28-6861-40dd-ba76-97eda6ae828b
6,6_Easy_5d4b163d-a4e6-4c95-82ff-ebc2064863a3
6,6_Easy_d338062d-955b-4159-aa3c-8a3540b766c1
6,6_Easy_e1fb0874-c21d-4875-bb19-761ad5ecd410
6,6_Averge_813530a3-42e9-4d0f-b03f-7ed3cf148908
6,6_Averge_5ff66509-63b3-4c57-9930-2b3763cbe936
6,6_Hard_686c00e6-549b-4a5c-87df-e2fd33cf0f0a
6,6_Hard_e8ba775e-63bc-4839-87d4-67bbeadfae46
6,6_Hard_de161ee2-0488-42de-a10d-58d3d5a2ad5d
6,6_Hard_090c21ab-468e-4d30-9f48-8e5225e8d234
8,8_Easy_8ae6c440-bd0d-4162-91d5-ec01a09cf153
8,8_Easy_32d8d511-ad51-404f-b8e1-d04efcad3514
8,8_Easy_c762545e-2e07-47d2-bcb2-8df6d4ef15ab
8,8_Averge_eb0cba0e-bc49-45ca-92fc-719e7a0f4fc4
8,8_Averge_f809b1c8-2afb-4209-9f29-ff7bddcee422
8,8_Hard_446b4c68-2b76-4e1c-ae4b-caebf4465fbd
19,19_Easy_868dc73b-bdea-4dbd-8bff-11611d4f0316
19,19_Easy_554b5365-e602-4534-b841-872c161d93ca
19,19_Easy_29100894-e5f8-4365-a2c9-24c13e44519f
19,19_Averge_b2d44222-52f0-418b-8f2f-65ef97c99cf5
19,19_Averge_23267818-bacf-4b7c-acf4-06f92e1a8c73
19,19_Averge_674696f8-a1dc-4142-b17a-d740d5a5a6f9
21,21_Easy_6412fa4c-5c7a-459d-9fce-8daf75d2a35b
21,21_Easy_0c97e0f8-66c1-4b3d-9692-bec41ce719d3
21,21_Easy_8c84dbbc-7664-4d72-b14a-da3d69ff71fb
21,21_Easy_5a246005-3414-4f98-b2e2-01d25ac49f81
21,21_Easy_3343caa6-ac51-42bb-9391-67d8c31f45e3
21,21_Easy_30177987-528e-4282-9351-58b0c26962ed
21,21_Easy_32b6b415-c177-4a34-a023-3692e136f001
21,21_Easy_98e1327b-1972-492d-8d6a-a6beea5f9dd8
21,21_Easy_6515256d-bb1a-4471-89fa-27b97755354e
21,21_Easy_0057541d-8437-4766-a68b-19969847fc6e
21,21_Averge_6ed8793c-dffd-4baf-b181-d410eab6c000
21,21_Averge_543318bd-6a4c-4e1a-98dc-762303351f31
21,21_Averge_5d853531-e8c5-48f2-9708-1b10d1b2f717
21,21_Averge_bffc702d-2f94-4253-9b4f-1129726084c0
21,21_Hard_45601764-7492-4e35-ac44-3c4a552f0927
22,22_Easy_e260677f-1b16-42e7-bf9f-7a3e8126e446
22,22_Easy_26796c30-47fd-4c32-a5b2-d4cb2d7d0bfa
22,22_Easy_a8a73ea7-af91-4b8b-bc8e-3c1d10c37965
22,22_Easy_78baff89-23ef-4973-8ffe-537342545215
22,22_Easy_1fdfa25b-7f3f-4e15-ad44-b300602827cf
22,22_Averge_b29ae0c4-dcbf-489d-a1a9-2dbdc92c79d1
22,22_Averge_af1b7266-29da-44b3-986e-c265510a76eb
22,22_Averge_061d122d-41b4-4d09-90d7-30c9e96f7d34
22,22_Averge_c876c2e1-bb71-483f-b5c4-fd36d0313069
22,22_Averge_1a368563-06e8-4fd8-b4ec-d20cae092a12
22,22_Hard_cc147bea-7b92-49da-a1f1-7dad186b1401
22,22_Hard_57d5368a-7170-4a8b-9ba5-0f1ed4a7eaed
22,22_Hard_2a072312-30c4-4a61-b869-0cb6bcaff2a2
22,22_Hard_e74c203e-3e77-4c88-a3e0-30e4b66ea837
23,23_Easy_fa193267-4ab5-4a5f-80b6-0e1cb15f1928
23,23_Averge_0ec4eb5a-b115-43b1-a36f-71ae7ab7719d
23,23_Averge_85722a42-8f81-49cf-8b96-28cc82eab26a
23,23_Averge_d0a03eb8-1bc3-468f-9010-752d3c2e2fa6
7,7_Easy_9c05619e-7e3f-4b09-a299-019acd28d777
7,7_Easy_10dc52e6-d012-45ed-95a4-7e94aec6b478
7,7_Easy_e589fb95-4ba3-42a0-8ccc-b57e6fb992e6
7,7_Easy_7177e1bb-635d-4f76-846d-a2edf9fb814d
7,7_Easy_b12cc5d1-09a1-412f-9619-78e8da4468e7
7,7_Averge_fc4995d8-82fe-4f37-86e4-e97c54439f4f
7,7_Averge_bd2e5200-af22-4cb4-aafd-530de196ffd6
7,7_Averge_46ca120d-c8ad-42e1-a875-91fa12720c64
7,7_Averge_6375eeb0-3256-440d-99e8-5bc36fd499f2
7,7_Averge_58ed8165-6948-49a2-a9f3-7f86d15e04d6
7,7_Averge_aabb4b3b-b02f-4827-84b1-e2c8c14fc40e
7,7_Averge_ea502415-2918-4a75-bc00-55df1be4ae4c
7,7_Averge_2624c89e-1b73-432c-840f-71470e62898f
7,7_Averge_b5598c5e-ac29-4a81-9d13-30ed68dacff3
7,7_Averge_6fa07718-bf13-4ea8-855a-6e0afbdf4cb2
7,7_Averge_4e33c461-0651-4e7d-8b41-5465ceea1b82
7,7_Averge_ffaaa66c-1809-4cf4-8afc-b4387eb9a72e
7,7_Averge_64c8c42e-3e35-4ce4-9248-657d785081c6
7,7_Averge_66531043-b08b-4f64-882b-f8d3c7e5d260
7,7_Hard_0a805bbd-e635-4393-a648-a729a90f5f79
7,7_Hard_02bcc72a-edd5-4765-933c-d5ac12914637
7,7_Hard_4ebe1772-2074-420f-b706-5275e1febd4b
9,9_Easy_1a9fa339-63a8-4f88-973b-aa0bb785ce37
9,9_Easy_83baf6ca-7956-4abc-a44e-ee9cde2c6ee1
9,9_Easy_a027eadb-329d-4656-af76-bef6741c1740
9,9_Averge_9c863bc0-d3b0-4d55-aaaf-d4040cabb595
9,9_Averge_838b2b45-dac3-4657-9db3-1849c22e8faa
9,9_Averge_b5b55822-7f61-484c-95e8-7d404eeff449
9,9_Averge_1d8d091d-58f1-4384-aa54-a5f30c0560ac
9,9_Averge_f387a7e3-bb3f-4362-a005-833a7945affb
9,9_Averge_579ea7c7-d28d-40a4-b96f-9de446e4f1fb
9,9_Hard_defa9ddf-5ea4-4d37-9a8a-b10ca8d13dce
9,9_Hard_01699330-732e-42a6-95b4-cef60125e4b5
9,9_Hard_64d99b1e-7de5-4625-8aa8-33deaac8bd44
9,9_Averge_96ac7691-db3a-45b8-9872-c564d2fd15d1
9,9_Averge_0fa458ff-79c5-4b6e-ace6-684e27285236
9,9_Averge_3290d56f-67ca-4533-879e-b54b05ae377d
9,9_Averge_a34fca89-33bf-4459-ae84-374e38048286
9,9_Averge_143c8a6a-23e9-4a9c-9c8b-b1c170596a9e
9,9_Averge_be959fe1-d389-4a91-a769-749764de5904
9,9_Averge_1cd1ee4b-b220-4454-a475-0bd5a76bdaf6
9,9_Averge_adfff6a8-81da-4b8c-9c86-a24ab4c582f2
9,9_Averge_7fef524d-1dbb-461c-b00f-aef1b8daea6d
9,9_Averge_46800ea7-dd13-4fc0-aadf-ffc974e58a15
9,9_Easy_bf385dc6-fbd5-4335-836c-3b4016eca6e7
9,9_Easy_f7d93e7a-2be0-44b0-8ea6-9b678af35f42
9,9_Easy_cc052ea3-dd8e-49e5-a432-d7eb120551ca
9,9_Easy_4446fcc1-fd64-4725-8bbc-1907f8a3c022
10,10_Easy_c5c45e3f-b0bf-4f02-9a2f-b829cb47a5ac
10,10_Easy_6ea250aa-ea4f-4563-8251-7a623f9c06ce
10,10_Easy_6c58a4c5-2dde-4c30-ac89-b68622f6395a
10,10_Easy_77dd3cc1-4343-4ae5-a438-ccecba609570
10,10_Easy_a87f2e91-d087-426f-b776-94f1ab0a3bfd
11,11_Easy_04a7d47b-4e54-429b-a277-026ed4317a10
11,11_Easy_ee18f055-8a98-498e-88e8-e12bc93a71b2
11,11_Easy_5e0fcef3-9312-4ff3-bbf9-38078d737996
11,11_Easy_0e6cd5a4-a447-40e8-b3ef-74a8e2668464
11,11_Easy_4277989b-cd8f-4135-911d-a52dc51f3619
11,11_Easy_c7a2a6c7-feeb-4529-9f32-781a895fda89
11,11_Easy_c2943c12-3211-4e3c-990a-7ea64a0c85be
11,11_Easy_9d26a65e-1d95-4812-94d4-53d4f3e3eec0
11,11_Easy_d31723ae-f513-4db0-809d-8080b4467927
11,11_Easy_88505c15-d42d-4b81-8412-7338a8fcca5f
11,11_Easy_a35d297f-a06b-4069-82f6-38b5efb7f567
11,11_Easy_59e58698-1e18-481c-b7bc-46e4022da210
11,11_Easy_d2b8e5b9-d231-40f5-93b2-485068c0d8b6
11,11_Easy_d05d0bf0-098d-4d71-b77b-de8ead6bf619
11,11_Easy_79b725ca-1ce8-4462-a1aa-e4fc8a0e2ef0
11,11_Easy_cd0468d8-9866-4048-9850-bc6ce0af19e6
11,11_Easy_2487f4c7-b185-4630-a0a6-72783922f09b
11,11_Easy_aeb307b5-cf60-479c-b3b5-f2cca20e5682
11,11_Easy_6b37f238-1953-4b20-aa72-d477d838cb1c
11,11_Easy_8187da3b-de2e-4603-beca-9295e2eb2e1c
11,11_Averge_282ac641-7575-4b56-bd5b-3e5b504699bb
11,11_Averge_7dea8ddf-2e99-42c4-8d12-ff55f39e2c60
11,11_Averge_ccc04a6c-9c47-46c6-8f5b-9097294cba50
11,11_Averge_9398b0f9-86f8-4a19-ac7c-d0e3615dc4a0
11,11_Averge_c2b7f4a6-4520-46ec-9758-95ca11143662
11,11_Averge_08a9425d-1005-41bb-9e73-72a238037b0a
11,11_Averge_f663d45b-c2f4-451c-ac6f-e83f90174998
11,11_Averge_55b85f4a-5bd7-44b5-9121-26bb4f47e8e6
11,11_Averge_e80a2663-f792-4b6a-ac6f-42b20d11b2f0
11,11_Averge_ce13228c-ddb5-49ef-85bb-7361e89af7cc
11,11_Averge_4513aaf8-7da9-4a89-8e9c-a76c90313906
11,11_Hard_0f7d289d-b14f-46ce-bb3a-c35dc18f6563
11,11_Hard_e9d61899-e4ef-4e19-85ff-e96557d515d6
11,11_Hard_cdf08da0-e06a-4335-9ba9-c4893289b62b
11,11_Hard_d9baaa8b-4290-4237-997f-6c9ae0296499
11,11_Hard_0b9f6f35-bdd0-48e2-858f-b79ba3e19f5f
11,11_Hard_9c05a42d-325e-4a62-a755-fbe8f8b8514a
11,11_Easy_7252c87e-03d6-47ff-8030-5155759537c8
11,11_Easy_be594461-fff3-40f5-9862-92e80370d8f3
11,11_Easy_fe01ae72-cbb3-44f9-a5dd-31f48f258ad5
11,11_Easy_ddd2c003-6ff0-41eb-ad5d-dd156e4dba23
11,11_Easy_31a4e3ac-a841-4b1b-bb5b-caf1a461b6db
11,11_Easy_c3d1756e-f995-4ccc-997b-5023e200060e
11,11_Easy_18fd8f12-0acc-45c1-b63c-7a6223dc4348
11,11_Easy_905424c0-0d43-44e1-84cd-be7596787440
11,11_Easy_3fd6a916-7068-48e2-9d55-d5f4b2f48ad8
11,11_Easy_7e8ed1a7-2269-45d8-8713-3e6351166956
11,11_Easy_79b24067-9cfe-4e38-89d6-6d8b5207995b
11,11_Easy_ea221a49-8c1a-4cff-9432-6d8d6b8e0ab0
11,11_Easy_c263fe43-a2b2-424f-8768-dd50969cda0a
11,11_Easy_112490d1-903d-4d2c-98da-e41de789f0c0
10,10_Easy_744a325f-8709-426d-9e14-c0b338e15e96
6,6_Easy_63bfd011-ba98-46a3-914b-3506df282e76
6,6_Easy_5d4bf152-8c2b-47ba-a452-d6fcb3657a44
19,19_Easy_0e155c00-8e5c-4c16-bbd9-5b6fb0897e8b
19,19_Easy_727f31ff-b836-434e-b691-0a746b3c2564
19,19_Averge_b1cbc99f-f8a9-4df4-aafd-d34f16b62941
19,19_Averge_fbb27a46-f404-4f7f-9068-14178b0453c7
19,19_Averge_888cb673-e08e-4eea-be96-2f2bc24b7e66
21,21_Easy_bc4c921e-8ed3-490d-aff2-71957b9c7fc4
21,21_Easy_cf2b3223-ba17-4f84-a445-cdc37db22a92
21,21_Easy_775cf587-89c6-48b1-adaf-89ea356be9e5
21,21_Easy_adcf0236-8561-4cc2-aad8-af896854d477
21,21_Averge_18fc2f4f-abc1-4c3d-86de-c0f016fbade5
22,22_Easy_b70bef3c-ad51-480c-804c-1d94d5a67fe0
22,22_Easy_f0fa7dc8-3f4c-4c4f-9cb4-82c69203c587
22,22_Easy_80f1758f-df73-4464-a13a-fe4c2aead18e
22,22_Easy_4db22579-e065-4e2b-890f-ff7d0b16ee3a
22,22_Easy_d667b45a-74b8-46d8-aef6-d6034e0e415d
22,22_Averge_2385f069-6a2a-42a4-8f2a-f525de80fbef
22,22_Averge_0932e52c-fe8c-47cb-95b8-edb687a90d14
22,22_Averge_4c86cf0b-d587-4298-aed9-ae6169961a75
22,22_Averge_48f72718-33aa-4aee-978c-6e778fc5ba85
22,22_Averge_66bbebc7-e797-4675-9ed3-60cdf852da0a
22,22_Averge_0e7e12b9-dddf-4a04-88af-f22ba1a659c0
22,22_Averge_a77ee7a6-66c9-437b-906f-87702e463287
22,22_Hard_047d594f-5761-45c4-8bba-cd31d05c49ab
22,22_Hard_fe337f12-8bf0-416d-a865-2c50f0513db9
22,22_Hard_09af871a-3e8f-41f7-9f6f-5af3e2e3afe1
23,23_Easy_5f02891e-c70b-4b92-a0a8-69b7a394e1fc
23,23_Averge_6a273e23-5a5a-41ac-8fc8-c843964ea5cb
23,23_Averge_6113555f-ce3b-49d0-acca-c4dd385ad7de
23,23_Averge_ab31185c-278a-4d2a-b390-16e1144034a9
23,23_Averge_9739ac71-b06a-42dd-8d01-d322ca071572
23,23_Hard_6f35c886-8414-43cc-b598-f65fa7926fd6
23,23_Hard_457719bf-8d31-4e14-ba77-0e8ae4846c7c
12,12_Easy_479c7c3d-dee2-4e55-a106-f8c9911ffbcc
12,12_Easy_3c7d76b5-43eb-4832-8387-631f0c94c8af
12,12_Easy_aea4de11-aefc-475e-8e9a-e5bf4fb87463
12,12_Easy_c15b97e8-e6b9-4c33-9208-0d7fe6fffa8a
12,12_Easy_b9bfc428-e0fa-4b82-a3cf-e6284c42788e
12,12_Easy_06a862cf-0a89-4d13-aa69-aa7eb4a470d2
12,12_Easy_363cc5e8-ec24-4403-9b24-a9ab7c1c3c2d
12,12_Easy_29a47aae-00ac-4888-8f04-8dab19ac1d08
12,12_Easy_d973cdfd-c904-407e-90b8-f2d1953f4f68
12,12_Easy_f7097907-24b2-442b-b9e4-49ad5f41e1cc
12,12_Easy_043f00d4-fd00-4d38-a244-1b87b1707603
12,12_Easy_cbeb10b2-37df-4aad-8cd7-7df12ad0be07
12,12_Easy_6254a191-39ef-46ad-b239-e5321b71fd64
12,12_Easy_d0cddb57-d175-41b7-bb3d-3170326b0c73
12,12_Averge_91588e91-e4c5-4f5d-b721-cf5b513f428d
12,12_Averge_09350a41-50eb-4499-91e8-8c84a9ec1952
12,12_Averge_1520ed38-6243-403d-beff-9add9bd25607
12,12_Averge_d51c2456-1f64-40e8-93c5-7a91752d22b4
12,12_Averge_8f65bcc7-ff84-4b19-8f8e-d5f90700d8dd
12,12_Averge_6cba5b2a-ba9b-4b54-9d6c-2c1f4ecd7771
12,12_Averge_c00422ae-fdf5-4caf-8ebf-da161f7c8e43
12,12_Averge_96bf5c4a-d9b0-4e43-a725-186d7849da92
12,12_Averge_b2d12e80-3c82-4a31-b190-dbdde389b54b
12,12_Averge_b533527c-411d-49a0-9dfc-c545862d45d4
12,12_Hard_2a0db60c-675a-4b04-b1a4-7545c69952e2
12,12_Hard_cbdad229-a27a-4b1d-a639-1602e29170cb
12,12_Hard_5898677b-2996-4fbb-a00a-abd0994a19c0
12,12_Hard_726237a5-ddc1-46b1-87f3-e3e88460115f
13,13_Averge_243f949d-aece-4871-bfd3-8de81e16a039
13,13_Averge_043cfeb7-8517-4a84-83e9-27b6bc8631b5
13,13_Averge_23af1552-c761-4d68-bf3d-16213096b6b0
13,13_Averge_f70f3b2c-c11f-47e2-9732-9a556b35e577
13,13_Averge_05eecf50-8653-4521-b568-3b65160d2f45
13,13_Averge_e3825c8d-c484-4c28-b286-f7d12b7add45
13,13_Averge_2e2dfe63-ed9b-4ccd-9f2b-b651a5092a69
13,13_Averge_13762be3-433d-4399-aabe-3d5e7bae224f
13,13_Averge_f634d814-677a-4baa-ac4f-52867a715397
13,13_Averge_3902e4b0-674e-415d-9dfe-8a80a42f9b18
13,13_Averge_d157219c-3e90-43cb-8ba9-162ba32a3ff5
13,13_Averge_61e4667f-6e40-4b6d-8147-7175a61517f6
13,13_Averge_ba17dac4-bd06-4584-9acf-fd9354ec243c
13,13_Averge_85551aed-67a2-4d32-a09c-d258740f6899
13,13_Averge_cea906ab-63c3-4870-89ec-ff697826c490
13,13_Averge_b88d4968-9f71-4d91-8191-05cd01c4b5ad
13,13_Averge_8d45ddb4-d107-416e-b57d-33aeb5b0cb08
13,13_Averge_2c4891bf-4995-44d2-8b4b-3de68cc4be55
13,13_Hard_ac175a8d-c5bf-464c-8f88-da6617e4b7e4
14,14_Easy_b101b7c6-0a6a-448d-856f-58ed5c8d4ed0
14,14_Easy_d47caf3f-7c67-494d-9b34-12ae71878e5b
14,14_Easy_78e1f1f9-03e3-4fd5-8807-2c904442da83
14,14_Easy_0031638b-bbce-475e-aacd-8fc0148038c0
14,14_Easy_84a7688d-597b-45b4-a238-0273d1c74510
14,14_Easy_72ccc904-da84-49ca-9c3c-b51436ecfb15
14,14_Easy_5b0859b6-7f4c-4a30-9d72-e6947538b95a
14,14_Easy_8a5d631a-2b3b-48a9-9f97-bb6f980ffe69
14,14_Easy_e5493d79-dbb0-475d-b9df-3eae86a9db03
14,14_Easy_b9a6b178-5ea5-40ea-8c2a-36873044e959
14,14_Easy_a4c0c2f9-e138-4541-b01f-2db071be7970
14,14_Easy_b3f4021e-cb3c-4856-950a-d18c7026cfd0
14,14_Easy_8bc80a30-cff4-4bce-96dc-4d320b09fdf6
14,14_Easy_99741da7-8ff8-486a-b859-2afb0cbaea64
14,14_Easy_89622999-5762-4245-933a-7f1e0ec07ed1
14,14_Easy_39561ec6-5182-4687-aa5c-2bee6ef2bec8
14,14_Averge_1e0a3c88-f172-427e-bc31-e853887343c4
14,14_Averge_383a678f-01bc-4581-aa5b-55684322557b
15,15_Averge_ae3557fa-ccfa-4ef2-a5ac-8aac397f5f29
15,15_Averge_a13239a1-bc82-4e17-8b70-59abef789d67
15,15_Averge_8a0f9081-6ccf-46ee-b132-0985b3b86afb
15,15_Averge_be906604-9175-46f2-8ede-5fb2139857f2
15,15_Averge_031e0a9e-bf39-48b3-a652-abe6573abab8
15,15_Averge_f9dac0d9-8458-493a-b314-4ebc8bc9b536
15,15_Averge_b99c17d9-8abc-4764-88d9-4b25a396a094
15,15_Averge_4e30ba1b-93cc-4265-bfcd-76f597de897e
15,15_Averge_f6f57221-de5b-4154-a3ee-5c1f362214e0
15,15_Averge_275c2011-f301-46cc-b93f-501184e64095
15,15_Averge_4320d970-8b0e-4df7-b5d6-1c04a09eca20
15,15_Averge_03bc2fc1-8a80-459e-8800-4332c222aa5d
15,15_Hard_fa448f33-0401-4c77-b713-dd08f4a0a889
15,15_Hard_915ee018-2c10-4bd8-97dd-63fb446f9270
15,15_Hard_cdf16ee7-0409-4b8c-9fa6-760040407940
16,16_Easy_f39b7d44-9b9a-45e5-9f1f-b9fd816ea003
16,16_Easy_54fda89c-091e-4451-9c47-07e8467b01fd
16,16_Easy_e9bbb828-e79d-44a3-b590-7231f430faa2
16,16_Easy_bc774d19-e36f-40ec-9eab-6db96e5718ad
16,16_Easy_9ca64586-fc40-41bf-8a2b-3770eb8d62a8
16,16_Easy_b1c1ce98-d413-45f1-b1c6-4e632223b139
16,16_Averge_ca39a2da-314c-4514-8d5c-7341fc6c6915
16,16_Averge_164e6c1f-f1e0-4027-9d99-13c67922ea51
16,16_Averge_a8687027-fd8e-40f6-8ddb-1b33e54cdfb7
16,16_Averge_10e38a0f-b977-4ca8-bc81-743fb3963840
16,16_Averge_1aca509f-8ad0-4372-8800-ad261a0879e5
16,16_Averge_d4d00ff2-1f2a-49a7-917d-8d4e4702c268
16,16_Averge_c7e4d4c0-5a0c-415a-815b-f74559b001fc
16,16_Averge_fd77b752-f103-4317-83f4-b2e1e9936136
16,16_Averge_9f5601cd-eba5-4916-a9a0-8a4ac33ce304
16,16_Averge_c90d103f-bed4-4e13-9389-e1bb0419525f
16,16_Averge_1b3863fe-6f0d-41ac-a945-d2111728a906
16,16_Averge_36ccb878-6c18-4ed6-ba3a-9a32f5149e74
16,16_Averge_6fa80718-d140-40b3-b053-686035f4be9b
16,16_Averge_8c6eea4c-f913-44ed-9fb4-6ec09adf8829
16,16_Averge_7eeaca1a-f6bf-4cab-b900-7adebb997362
16,16_Averge_077a325e-d736-4d1b-bc9b-dbe9f2d9f2be
16,16_Averge_28a10214-7421-4d67-b227-d80dc6428931
16,16_Averge_41544676-dfb6-4657-af37-5b4c48ad76fc
16,16_Averge_4299a295-a1c1-440a-a139-bd65e772ffb2
16,16_Averge_c05cbda1-2274-4c1b-9651-007b9085ba62
16,16_Averge_d1a4fb19-41f5-44b6-a28b-4fcca42dad97
16,16_Averge_481efb23-e4c2-4203-bff4-55ddcc10c6db
16,16_Averge_e2c115c4-7350-4116-8ec3-85e07c67a1b7
16,16_Averge_8dabea95-84d2-40de-a0ae-707034647781
16,16_Averge_29c8795c-3698-40d3-ac7f-8343e849577b
16,16_Averge_fc12a318-7812-4609-8e07-7926780fa7f2
16,16_Averge_8f0804ad-9f0a-4741-8dfe-221ec64c1a5c
16,16_Averge_f570fa07-7ec3-4863-ac3f-59b2585ef4c8
16,16_Averge_8792d5d7-9a8d-4906-ab3c-d205ecf6cd7b
16,16_Averge_426d3357-382a-41c9-8a06-aab2f6fb4e7d
16,16_Averge_a99991d6-d2dc-40a5-a1e5-c624a49ae2ee
16,16_Averge_b63194f8-8b88-454a-b3c7-114edbb24406
16,16_Averge_541c36be-69ca-479a-aa7d-058feb4108ea
16,16_Averge_e0db6c5f-89c5-4fc2-b5b9-f1f47c12bc33
16,16_Averge_17687463-f36c-46a2-b507-dad1e2780358
16,16_Averge_f99f0c14-99a0-40b3-a6af-d38f63b82281
16,16_Averge_599b987b-75d3-4528-aefb-c671055f581a
16,16_Averge_5da42d1f-094f-425b-be72-adc080bd88d4
16,16_Averge_0c5a7002-9cf9-4ed4-b8cd-d3997d7db483
16,16_Averge_d4c5fea9-fcdc-4d78-96fa-1e92ac560fd3
16,16_Averge_c3ff434b-57a6-4d64-8fec-9366a152c213
16,16_Averge_2fc7b216-6e73-48ea-92e7-ff8db1fb4f3e
16,16_Averge_8cd2738e-5140-4100-a0aa-5aabc8e4640e
16,16_Averge_1179e774-79ea-4c53-b02f-773486b0e46f
16,16_Averge_97b4ccec-54f4-4309-89d3-5732edc0f11a
16,16_Averge_b4ce5284-13a9-4dbf-a88b-a85a55ce99df
16,16_Averge_b0859a2c-ec2d-4c05-a43b-426b81276c0d
16,16_Averge_0d654d34-3251-4950-b2e5-099294fd97a9
16,16_Averge_9b5001da-053c-4ff6-bafb-3cd994848b29
16,16_Averge_b50ad04d-566d-4a5c-a030-ca832d48ea51
16,16_Hard_4762e2b6-fce4-4c40-8aa4-e34a311f2621
16,16_Hard_abd2f85b-6bd8-458e-89d9-c2a8db8745e5
17,17_Easy_8165d65d-b55c-499a-85d6-7ca82d639f9c
17,17_Easy_242349e8-6e6a-482c-a922-3c9d688493fa
17,17_Easy_d068841d-d41c-4c28-b643-944ee203b3c2
17,17_Easy_6ba66fad-158b-40bf-9a38-1182bb39f1fc
17,17_Easy_4a4c5195-e7f5-4a96-87fd-240aa501f981
17,17_Easy_142a4b2d-4799-45d2-b731-0cf89f58f48d
17,17_Easy_3ccce6e4-fbcb-4832-82a2-e24d9ee5ba08
17,17_Easy_db774e07-db60-450a-a339-118ab0b9d8dc
17,17_Easy_78ab7d76-4cb5-4e3d-ac9f-fb063df798e0
17,17_Easy_eedc9f19-23a6-4a4f-b525-b94ca4d10438
17,17_Averge_bed4ba84-a73c-4ec3-b7a2-964df634fdf2
17,17_Averge_c92995d6-3ef5-4056-bb65-d76966292580
17,17_Averge_ae67f2b5-cf91-4882-a73b-0b9b97d3e444
17,17_Averge_4113b1cb-cde0-4edf-ad26-6ddb13238161
17,17_Averge_a17a9213-b0ab-4d0e-b2ce-e140aa0bae19
17,17_Averge_3c1a0131-9e76-40a3-9953-a16522ebcc86
17,17_Averge_818990e7-4c71-4f57-9eb4-c3682c4e1404
17,17_Averge_0997545a-7222-4b82-ad45-b056d9e6372a
17,17_Averge_f4bcb565-224c-443a-a56d-f19940b3b576
17,17_Averge_602fcec8-4219-4385-946b-67bc4e2d7e9d
17,17_Averge_da4fb580-b551-4a29-87f6-69459a9c3876
17,17_Averge_3aa7f2cc-85bf-478c-bc34-bf7b4880894c
17,17_Averge_2a6b3b11-b72e-49c8-9540-3d99e35759d2
17,17_Averge_d1ee40f6-2cba-495e-b227-aaf3efd4f5db
17,17_Averge_410cad0a-4d2e-4cf2-a2c3-f995dcd61c99
17,17_Averge_8100af96-420d-4921-8310-dabaeabf92a6
17,17_Averge_9deb2d76-f8d6-4dd6-8683-3f26fad90c2e
17,17_Averge_de6df7e8-8dfb-4dc5-9ade-36e468af6895
17,17_Averge_7458db4e-2b9e-4ca7-8455-72f82874a3a3
17,17_Averge_4c8a1865-4cf5-4d90-a710-af0f26fde976
17,17_Hard_94d823d0-a164-4892-9f64-7fbd5136d3c8
17,17_Hard_6201890b-48bf-43ff-ae56-d9847361a463
17,17_Hard_5ceecc91-9d21-4740-83c1-01286a2fd79c
18,18_Easy_c3f7df91-de52-4915-b183-70dff657f283
18,18_Easy_a95d7cbe-ced7-408f-be67-601e3878efff
18,18_Easy_d94e2b36-cd12-4673-92fc-178d183b24e3
18,18_Easy_332fca50-91b6-41cd-b6c6-faa5c29afa18
18,18_Easy_3e09ed9a-b14b-48a7-8691-f30a85dfdfbd
18,18_Easy_dc85075f-b266-45b5-801d-44b3f7d285a4
18,18_Easy_00923eac-af04-423d-965d-eeddca09ba88
18,18_Averge_80898570-5486-4aae-9c9e-006295278639
18,18_Averge_ce2fe633-54c6-402d-b282-cf8a4ad1126b
18,18_Hard_b6cff033-1c2e-4d42-8134-dca58a2fa15c
18,18_Hard_4651cd62-df77-457e-b336-b04cf8018081
18,18_Hard_8e8c7449-4513-475c-a03c-8cad21433469
18,18_Hard_2fafad78-25ff-4e30-99ba-bacf376cf933
21,21_Easy_4beb7382-e3bb-4262-aadb-b332d0d7405d
21,21_Easy_8fc3cbfe-7edc-4877-a2b3-88e11319c4c6
21,21_Easy_7cabb2a1-69ee-4180-b077-8bd9fa06c644
22,22_Easy_c28a5c33-f756-41da-967d-fcea2c475a83
22,22_Easy_f52a3cb9-51f3-419e-be7b-97602d59a818
22,22_Easy_377de727-f1cc-4681-a8e4-a4e13cab2d24
22,22_Easy_ac2279b7-e510-438a-82cd-c53de38336b7
22,22_Averge_cce0b86c-10d9-4997-a8f7-7b9f0b38b28c
23,23_Easy_668b6eb5-88ad-442d-be2d-c3d5bdef0180
27,27_Easy_4f7d9014-5c4f-49ad-81ae-23a24d9f51f5
27,27_Easy_a2b7cac2-aeba-474d-b6f1-5df3f9289343
27,27_Easy_eeca1fb2-c010-4d92-a2b3-4b7c41c2a09e
27,27_Easy_4d00e626-1009-4dfb-9572-5ab84efafef8
27,27_Easy_cb67953e-248c-473b-9b19-8b793f669ac5
27,27_Averge_e80a3cec-2ff1-4e28-b5a3-559063224f17
27,27_Averge_24b3bf52-9211-49af-b02b-fbc74cc9f8e8
27,27_Averge_a1a120c7-6374-43b3-835f-d5fe76dc505e
27,27_Averge_8e14dd06-2b63-4cff-bec3-1153df91ba75
27,27_Averge_ba685c7f-190f-44dd-afc7-2e23fece1fa8
30,30_Easy_9de5743c-cbee-473b-a4fc-ec56086b86a0
30,30_Easy_a376a7fd-e8af-4b8a-a295-4452656e368c
30,30_Easy_717c191b-20ee-45f5-831f-823ae4031f5d
30,30_Easy_72cc771e-ebaa-4ce3-86fa-6614a4dc093b
30,30_Easy_13b8ee91-29bf-4341-8d6a-c26c5e696f8f
30,30_Easy_a6f99651-8e3b-4052-b807-f7dd7ea6e202
30,30_Easy_1bc05c2d-0835-464a-a225-22c50a924ec3
30,30_Easy_feebb809-8421-404b-9bf9-e6bee8a4e428
30,30_Easy_0ec4b003-0292-4889-b91a-6517a1f72914
30,30_Easy_67d6d0dd-4367-4668-8aa7-93e06a16648b
30,30_Easy_fea48047-b6b5-453e-986e-f1d927525eb6
30,30_Easy_e096e093-b815-45a9-9f85-5a7a73548e95
30,30_Averge_d4968aa5-1a5e-4916-b6f1-5edb819138bb
30,30_Averge_a4d0fb4d-381b-4106-9590-98aff8bbe17d
30,30_Averge_e14c677f-dee3-4a63-bc58-228eddfc5a13
30,30_Averge_c6a3be3d-2db7-4ba1-a193-55c41ea27fa4
30,30_Averge_057fac9a-e018-4983-b07d-b8d5299fe658
30,30_Averge_68977050-fdec-46cf-831f-b6edb3154348
30,30_Averge_9f98c08f-1e81-4407-8791-d6ba250e1bf9
30,30_Averge_14dbc7e1-db95-485c-8202-65d0f0e67a4a
30,30_Averge_e8871be3-1ab0-4ae1-b729-3d38c0bf054a
30,30_Averge_dce2a5f7-8bc8-4029-9f51-7e7dff8380b2
30,30_Easy_5e99ec55-15a4-469c-99f4-5014ddca58e0
31,31_Easy_b4bbfcb0-347b-4c24-9cdf-ad0692d99ae9
31,31_Easy_e585050d-35b7-463c-b005-dee4722482d1
31,31_Easy_5a05ad60-213f-4f3e-8a0d-b9ca6559bee2
31,31_Easy_55700926-af6b-4a26-bdc0-fd1e1ac08722
31,31_Easy_8714dd2a-5376-4022-aace-8d28f22665f7
31,31_Easy_06962b13-47a2-42e3-951b-d617df3e1db2
31,31_Easy_0b419083-363b-4a2f-9396-f6c7c426e4de
31,31_Easy_68afb84b-e6ce-4ac8-bb50-4e82642438af
31,31_Easy_8f6f320a-dd47-4ee3-921f-aa5bb000e7da
31,31_Easy_aff0a99a-b6d7-467d-bfb3-91c77887820c
31,31_Easy_2c580d80-8bd9-4128-b620-d42a323cc6ab
31,31_Easy_fae4e978-c02e-4435-8566-649ed4d0ce9f
31,31_Easy_51f6032c-dcc7-4ce0-9608-725338e27838
31,31_Easy_2e047a32-585e-41be-b9ec-88881d8193b6
31,31_Easy_4f959a7a-a8c2-411f-879a-ce994f7e67d5
28,28_Easy_89f8b8c6-368e-40bf-b6fa-6b2b8777e754
28,28_Easy_2ecb6c6f-a45e-4315-8f26-0b105903b71a
28,28_Easy_ef8a194e-d327-4381-adce-74cd5eedd051
28,28_Easy_2d85a291-2475-4dfa-bfcf-a020be33e6bc
28,28_Easy_fa19082a-5cdd-4838-b0ff-f84e097e799c
28,28_Averge_73f9c95c-dedc-40ab-ba70-f517010db2eb
28,28_Averge_a25b7c8b-4b9e-4501-be1c-d8628e5f607f
28,28_Averge_7bf83672-54ba-47ff-aed2-5bd55cf84d0a
28,28_Averge_b6031848-336b-41a5-aaca-425301760bf6
28,28_Averge_1727f4ff-5234-46e6-9c43-f09abd9377b3
25,25_Easy_e6399be6-9bd9-4104-937a-2b05a679e8f9
25,25_Easy_0e3b4b79-ab71-4899-ba88-c63207f4dcf6
25,25_Easy_bc8c037f-ed22-401a-a5e8-6a41ff28482d
25,25_Easy_09aaa54c-4d31-43fc-8057-30df072f156b
25,25_Easy_aefe8a20-7e15-420a-9653-b1b5b5ab523a
25,25_Easy_0ed1cd07-e354-456f-9ed3-f503997487ed
25,25_Easy_f94b62d0-0f73-44cc-aa60-f84c259530eb
25,25_Easy_40c45d41-bb77-495f-b580-322f858d0f63
32,32_Averge_2f08db9d-7670-458f-bbbc-25352b60e14a
32,32_Averge_37f8e638-91b4-4610-9d3f-a1b09e742854
25,25_Easy_86d48e33-8213-49b2-9ecc-14d57d8e337a
25,25_Easy_f47eb966-aba4-4879-af38-0aeb1d8d6840
32,32_Averge_fe5dc8e5-d7f8-41d5-9518-8a21fed9d454
25,25_Easy_c3c9e402-0ab5-4b9e-b646-4f734863b24d
32,32_Averge_2a57508b-38dc-49aa-b564-67b45b3f2d93
25,25_Easy_065d1002-1950-4ca6-8141-0233221ff6f4
31,31_Averge_c8660d94-7542-4bed-a6f3-543835def891
25,25_Easy_2806ffe4-b4df-4616-a618-189b9a77d0e6
25,25_Easy_23ebd8e6-e934-47a5-aae3-dde0a6f72a80
31,31_Averge_c430e16e-bdec-48a2-8041-b17b187a392d
25,25_Easy_359556a8-efd9-48b6-9bb4-bd4ac3a68adf
31,31_Averge_e9db0162-bd73-4812-8da4-1306692091f2
32,32_Averge_6ea54ddf-0bb4-4dc0-a064-102032c84461
31,31_Averge_998af3cf-7501-496d-8607-4393e04b0674
32,32_Averge_a581ddd2-3322-477c-8b25-91a237a7e57c
31,31_Averge_816e4b28-26fc-4892-b7ce-db2813e42bc2
31,31_Averge_d144ec32-b7dc-4f18-a3ca-dfa3d249f05e
32,32_Averge_68ff7de7-1887-440e-8f9b-09595f25c5a7
32,32_Averge_df35caa8-b117-4e03-9ea8-cf6f981e17d3
31,31_Averge_70cb8a85-ffc6-48fc-9a10-016487f366e2
31,31_Averge_b9e67079-598c-4747-9995-ad14a21f83c3
31,31_Averge_8ce36d4c-ee5e-4800-b39c-7e14e0162913
25,25_Easy_e9e0fe78-a714-4440-88b8-9f2e7badc552
32,32_Averge_71bf3de6-274b-444d-800e-3202c6d0bbe8
25,25_Averge_b6c089c7-5d67-458f-9aac-5003bbc3bd8f
25,25_Averge_28b004b4-55f8-4395-b7f0-83308fdf0dd7
25,25_Averge_0168f65a-cc34-43cd-94fb-a814471ea2ec
25,25_Averge_d031f59f-a0f2-4661-9e14-f363833af04d
25,25_Averge_efef9995-78a2-41fb-9be7-c2d9d56c13d2
25,25_Averge_bc5fed11-606e-4c86-b1dd-9fb8045ad835
25,25_Averge_c7e8cecb-10cb-408e-b08d-2e0e3ed50896
24,24_Easy_02bcb8dc-cebb-4233-b985-2e0c59815b32
24,24_Easy_6872f80d-7146-4674-8367-e6c9a2451461
24,24_Easy_58afffbf-0262-4d4d-a0ee-d498f0a8ffbd
24,24_Easy_fa8c804e-c4d6-4959-ad85-9d845c42d018
24,24_Averge_ffc8ca7a-0b99-42b6-983f-7d457d0948f6
24,24_Averge_8b5f0639-5577-4a9b-baba-a39070002e24
25,25_Easy_a92a05d5-6edb-4ceb-b18e-5edf61c53138
25,25_Easy_4eef4d5a-6059-4da2-8cd3-d37ce6b4b5a0
25,25_Easy_2db880ff-4cc8-490e-9816-afc1923aebe0
25,25_Easy_039c407c-61e4-434d-80ff-5bbfb91e9390
25,25_Averge_246aa109-a515-4882-b7e7-c45778624085
25,25_Averge_979b1521-54dc-452d-ad94-0f2c017ffd31
25,25_Averge_a0600e45-f6de-4676-9d3f-d6dfa684ca99
25,25_Averge_f8e4218a-0f76-4747-85cd-137cd8893121
25,25_Averge_cb1b81f1-30bd-4fc8-9d77-7afb62831c60
25,25_Averge_382986bb-e3ea-4d09-a5f9-8151ca1a34e8
25,25_Averge_2c5f1ae4-0245-449a-8995-3a072ae2b5f8
28,28_Averge_5c5672be-74f0-4283-a8d0-1ffb1f0c10bf
25,25_Hard_daec2904-a2bf-4703-a57c-4b386d063982
26,26_Easy_8976c0e5-2685-4eed-85b1-31e445dbac93
26,26_Easy_0821706f-c84e-410c-af66-124537d0dce7
26,26_Easy_e639658b-7a9c-4a60-b1aa-2f077262f7e9
26,26_Easy_e498b8f3-9ad0-441b-97ad-fc7d5bce41ee
26,26_Easy_7d00ba37-a700-42bf-a290-a93599e1f8ff
26,26_Easy_4e007031-94f8-4eba-8370-fe210b714257
26,26_Easy_7606223e-e477-4159-b153-b22db9efc3e8
26,26_Easy_3abbbff2-5fb3-45d8-bfcf-76f97415def8
26,26_Easy_66072fbd-e0f8-4188-b777-988f12c7611a
26,26_Easy_e17a21b4-cbfb-412d-b9a5-df8ed0e591ea
26,26_Easy_3c024a94-7936-4c1c-977a-d6f1e3317f0c
26,26_Easy_7122ced7-0cfb-4f23-86df-c1a5bb71d20a
26,26_Easy_c458007f-6bb6-4171-8404-27c98bf3a63d
26,26_Averge_d204a6ce-9830-4430-8001-639eb8073584
26,26_Averge_1c766e06-7fef-4f79-86d6-fe623e522cd7
26,26_Averge_d6606841-4d55-4310-905a-b2c1539a6fa8
26,26_Averge_052f8461-ad68-4f11-9843-5980deb5d41d
26,26_Averge_27a990e4-6315-4015-a028-2eb7be032ee3
26,26_Averge_b16c570b-e1a3-42d1-a5e5-5a083080fdba
26,26_Averge_02d13043-f22e-46b8-890d-80746e00c781
26,26_Averge_8f6a4805-c6bb-415b-8f12-54c0b67416b5
26,26_Hard_bca0ea0a-5f6a-452a-aacf-432e8a2dc241
26,26_Hard_a8ce1d0c-d2f0-4904-84c2-653736776898
26,26_Hard_04707541-18fc-4f82-bf36-c80cdb5fafc7
26,26_Hard_6ffc61e2-1b94-4c38-8855-f9c6dff14111
32,32_Averge_442fb129-fe0e-4175-8c67-2e187139d9e8
9,9_Averge_a5449099-60a3-4eca-a7bd-608785072a20
9,9_Averge_1ea7dd5b-45d7-4359-af62-f7f1183ef410
9,9_Easy_1b66ca8f-0d95-4e01-97be-0e7b43ddbd76
6,6_Hard_1ede4b3d-1e70-4f1d-b9f9-57d411a70656
11,11_Easy_65c78521-f6b7-483c-b944-9581decd8df9
26,26_Easy_c7ffaf36-a75a-4fe2-b1b1-4b6c8bfcbfd1
26,26_Easy_41e70c14-8755-45a5-b223-e25ce662c4a3
26,26_Easy_d32c63ee-7f8d-4694-9429-a0015a856003
26,26_Easy_ea1be195-8bce-445a-bdaa-2c35bb372140
26,26_Easy_55e877d0-9efd-48b3-b71d-294d38614453
26,26_Easy_09333b6f-10d4-44f5-982f-5be8691e6789
26,26_Easy_163942df-f5db-4896-af28-a06603d333e5
26,26_Easy_e894a5a9-2813-46bf-9b92-22c36afa1763
26,26_Easy_f5cf09e4-a64d-4b62-8888-ddbef5f1cd53
26,26_Averge_441eab0f-ae8f-48bc-98c1-3436a3ad02bf
26,26_Averge_3ad2a9f5-969b-49e5-94d0-0de3fdeeb12a
26,26_Averge_ebcc67f3-79f2-42e2-87c3-74a3b529e072
26,26_Averge_fb1a57e3-1100-4f9f-b99d-cf71241d6639
24,24_Easy_2f0d0db9-51c8-401a-a195-30345a5cbb52
24,24_Easy_97cbf7a5-6374-44c5-bdcf-1e282e7432e5
24,24_Easy_34d6dfe9-4a8c-4fcd-b49c-b7e890fd4801
24,24_Easy_4fa10f61-1efd-491b-bc94-085fc9a1de30
25,25_Easy_74ceacd8-b195-466c-bfc1-6d756a2e0f1a
25,25_Easy_2c47fe2a-7aba-483b-8120-64ebca895ae1
25,25_Easy_e72d5d38-171c-4213-ba82-ba1e5224ff70
25,25_Easy_50da5420-0019-4b2a-9c73-6b142333a8b2
25,25_Easy_6067f863-ad1c-4c39-b077-becd2b98d8a4
25,25_Easy_402cd784-f565-40dd-96de-21973db34da0
25,25_Easy_e49ab6bb-d6a1-4b73-a3e7-c20c349ed77b
25,25_Easy_74b0d214-f9d5-4a3d-b346-fb918c042bba
25,25_Averge_296e3eb5-9a95-4892-8f51-5f05e4b39d97
30,30_Easy_5962e3bd-4310-4e73-9270-0859c4527ea5
30,30_Easy_e07154bc-ba29-4e25-9ec2-87710095cb16
30,30_Easy_f3348c78-f185-4012-97d0-020621e81764
30,30_Easy_de9da903-4be9-4fc1-98c7-a49b26be5552
30,30_Averge_df5d870d-cb55-4a9e-968a-f5e5a7caa30e
30,30_Averge_20d589d9-d2d6-4b5d-ab53-238fdc2d780c
30,30_Averge_0d363fa8-f149-45fa-abc6-bd5c9cf7c226
30,30_Averge_0adb8654-e5c4-4cb0-8e86-ed10f007ca8a
31,31_Easy_0f59d336-3850-4bcf-a72d-dca665a549f8
31,31_Averge_8522a8a9-b3f2-44c2-88a5-7d5390b12910
31,31_Averge_27cdd881-591d-4055-860e-ad2a0896bf7a
31,31_Averge_6b4057f5-e1d2-4447-807c-9a3b68b868b1
7,7_Averge_a15e6647-28b1-4962-a7ce-af79dbcabddd
10,10_Averge_b4aa43f8-535a-48c8-9507-0f8fc2df8f9a
14,14_Easy_9c7c4f80-eb3b-46d4-9060-7f0f8ed723ce
24,24_Easy_00a1f96b-953d-41ed-b520-29b05e82c9cc
24,24_Easy_626828d0-57ff-4f42-8ea8-b48cad95f8ab
24,24_Easy_4d6d4810-f513-4217-b59f-4a10ae3bd173
24,24_Easy_356ccff4-743d-4b36-9733-983b08e76d8d
24,24_Easy_5846d137-a168-40fd-b9da-223133ec4231
24,24_Easy_a319be7c-ed5f-48cc-9082-9e6e06346f82
24,24_Easy_f802177c-80f6-4d18-bea3-ca08e81c49c9
24,24_Easy_35e66662-3917-454d-9bdc-1590ca2c26d3
24,24_Easy_5e2d1a8d-3f90-4140-81fa-6b8afd623f14
24,24_Averge_febd7f57-4330-4e0c-a8da-c13c460e9510
24,24_Averge_6f6ec042-5b44-41ea-b122-262f69dd2c1b
24,24_Averge_3202eb07-8fd3-4f25-b129-be2a0932043e
28,28_Easy_c5cf10d9-0f09-4c59-8446-dc05a7937f75
28,28_Easy_8a09e146-c861-4051-ac1f-f2ee461820fc
28,28_Easy_3663a011-c5aa-48c8-96ec-98f9aaa0f225
28,28_Averge_5822ae46-d7fd-49e4-ba9c-f9f9fbcf6d7a
28,28_Averge_7a71cf56-774d-45c4-91f4-0a8030490817
28,28_Averge_b05113b1-dec2-47c7-abc3-7c40b71d0f9c
28,28_Averge_a299f3c6-3109-40cb-834f-487566974094
28,28_Averge_f6177acb-055a-463e-9ecc-a15f42e5af35
28,28_Averge_4c66783e-8a11-4a68-af50-22caa22d07a1
31,31_Easy_02074112-117f-4f7c-9dac-7b0c5183da41
31,31_Easy_d14739cd-756f-4815-810e-1575b4aae59a
31,31_Easy_d18825ea-d7ac-44e6-a010-ea0bff2f4265
31,31_Easy_37b77a79-0480-4898-a93e-71ff3a4bb17a
31,31_Easy_122dcded-e915-4a60-8921-8ed75dc553e7
31,31_Easy_acc48f66-c813-44eb-8af4-b5e118fe44d7
31,31_Easy_ace74983-cc71-49f4-ad83-b5c4a682d76a
31,31_Easy_dfde3e16-dc6e-44f7-8b46-36e907818206
31,31_Averge_3e0dec58-14c3-48ef-afc4-5baa04e460e5
30,30_Easy_c78dcbfa-ad54-4f87-97ec-a8c6b6a54e7a
30,30_Easy_bb487ffa-5d47-461e-b975-ee3f1065398d
30,30_Easy_41758388-74db-428f-9ee3-76d487108075
30,30_Averge_84b066ee-40d3-4712-8e4b-ad9b7e358810
30,30_Averge_2ec1f39f-c794-4f35-9947-4fd7c3bb5ac2
30,30_Averge_1ea83d36-c21b-4b7e-8c45-55741036fdf0
30,30_Averge_82556957-d567-4073-986a-644fa4b99db1
30,30_Averge_7995ac8f-f64c-43ca-bf44-55097bd00923
9,9_Easy_e5553e16-2a49-43fa-9f3c-9c94fd9b9613
9,9_Averge_5d361dd4-c71f-4dca-a136-0b76fe0bbccc
27,27_Averge_4ae0f77e-af22-4146-8462-c2ac8c5689fa
25,25_Easy_8ec07fb1-8591-44e6-a7bf-5688897c5e60
25,25_Easy_ae1b6699-074c-41ea-bd44-ed1309289ffc
26,26_Easy_d951b86a-75e4-476e-9cb2-be4044192fce
26,26_Easy_e2009fe0-3c1c-4e08-b42f-e35bd976b864
26,26_Easy_0a6490bc-93df-40b0-a440-a246f23bda35
26,26_Easy_a0eff065-cb6d-45dd-ab80-dcb643f6658b
26,26_Averge_f8e4b603-0612-4507-9550-505eb2bdf12a
26,26_Averge_6673ccb8-92c7-4e9b-8922-392d8996fa39
27,27_Easy_a4bf5f3d-7fb2-4d65-b659-0a9c42c1e6f3
27,27_Easy_63016db2-0e9d-4567-b685-49310d919b0f
27,27_Easy_2b63bde7-9387-425a-9804-26f232ad82b0
27,27_Easy_37b0f864-e7de-469e-ba8b-7425f15e007c
27,27_Easy_09f2c59f-a9db-4d17-b2a6-a5e7fd72387b
27,27_Easy_94345244-fd33-40c3-a256-1ab946cea432
27,27_Easy_04c76649-e232-4c10-92b2-8ba3be829365
27,27_Easy_19c4c03f-d76c-4555-8c8e-ac63c8d1adc7
27,27_Easy_900e50fd-6dc3-4012-b47a-9619547895f6
27,27_Easy_3e62300f-62d0-4b03-8284-45d6491e96b7
27,27_Easy_a76db076-04e6-41b4-b357-fcacb2a22ca4
27,27_Easy_400d0cfe-cba4-404b-b0c4-c67e4da77ec0
27,27_Easy_4eadacc1-107b-4e01-9019-b3b5298a7fbb
27,27_Easy_ba6ad852-485e-4c34-a7d0-8a1b85fcb92b
27,27_Averge_034aaece-e2a0-44d3-a0b5-638bca00f704
27,27_Averge_81e327d6-ff11-4e41-9211-b662fedcab69
27,27_Averge_99f4d13f-5e77-4c39-a0c1-25e0a2c45ecf
27,27_Averge_1e0388c8-5036-47a3-bb23-e4faccecafa1
30,30_Easy_0cb5efb9-fc13-4804-ad36-2e5376345f24
30,30_Easy_d7f78769-2006-4fc2-90a2-45e5b089d1e5
30,30_Easy_52b6f427-ec37-49f5-b928-820076101c19
30,30_Easy_313c89ca-f7c2-458f-89fd-21d890b2e028
30,30_Easy_9e0d1252-be17-4240-ac7e-1f21bdfb2063
30,30_Easy_a6888b27-de1a-46da-bdd9-b73ae29454e7
30,30_Easy_6e5394b6-1167-4a9e-b87b-a754c73010c3
30,30_Easy_bf7fd746-24b7-41e1-a75b-dd2946f17a72
30,30_Easy_2f766f7a-1337-4682-a3ee-7ad4d31641d4
30,30_Easy_d25f02bd-ef2f-4c99-bbe9-38777d979c74
30,30_Averge_9c8999e1-69ac-4134-be0d-19e2e75b3133
30,30_Averge_88ae0b2e-a6c7-4b3c-bee7-a557378ffda2
30,30_Averge_9fec2480-b7f7-46a2-93a4-a5677a20c3fa
30,30_Averge_10ad7664-78d0-4801-89b7-3f302ae94a9b
30,30_Averge_4bd3258a-d764-4da9-8683-285ea1e9f8ee
13,13_Averge_e1f85702-563d-4d0a-81f0-ed618a7d12ae
29,29_Easy_9dd67200-5595-439c-94d0-5107c2216563
31,31_Easy_b1810851-97ff-4088-b354-6ed0702d2ece
31,31_Easy_c506450c-34a0-46fb-af2c-b082580195a2
31,31_Easy_0b99ab1f-e5a4-4114-962b-bbdf48ea73c1
31,31_Easy_fff29b3d-edf3-4efc-b269-d26e648f7df7
31,31_Easy_c29f7c36-aa22-43c6-a548-fc0987e729ff
31,31_Easy_3957b71c-4a9a-4f4d-abab-fc6927c6405a
31,31_Easy_2851d8f1-36eb-402e-999c-6367a22ccc66
31,31_Easy_6612113b-92b5-4fe8-9727-711fefc13994
31,31_Easy_f87f00ff-87b8-4041-9b36-2e5fc20423cb
31,31_Easy_54fa57a5-b141-4fa1-8843-33cdc9ca9220
31,31_Easy_efc24d5c-426a-46e0-a7b5-ebecc67368ac
31,31_Easy_45ab3997-c9f8-4a3b-bf1f-d254dc89e7e8
31,31_Easy_4e4c16d1-fbf3-4362-add3-1e03d3a172bf
31,31_Easy_b4119d89-017c-46bb-a8d7-b18a61b6d682
31,31_Averge_774feb83-fb91-4fc9-a496-4b0042d23201
31,31_Averge_31301e30-1953-4ec2-8127-0140ed399671
30,30_Easy_a00053d9-cd52-4b47-9c4c-c07a9fc56c36
30,30_Easy_2ccd46e2-89ce-4178-b77a-78e1ab79551d
30,30_Easy_ed9e29c8-cb46-467e-b40e-d37c32fba3a4
30,30_Easy_8443e7a8-a5aa-4671-a114-46a034ef81f9
30,30_Easy_53713f53-0ad4-4355-8d10-928bf5d9fcc2
30,30_Easy_0ba5f764-8e05-4352-a602-670531bf474b
30,30_Easy_a30e0c96-1425-46f9-9072-d6f683bf8bc5
30,30_Easy_b15f78df-c23d-4723-acb8-8158a493dd4a
30,30_Averge_49f2f2f5-0af5-4713-9ead-bd3cdb1d0df0
30,30_Averge_adea366a-c014-4ea7-a538-64284a317efc
30,30_Averge_74c96c0b-2b24-4d78-b8a2-9ced152a6636
30,30_Averge_44b6d153-33c5-4612-a379-a31d7b7d7a44
30,30_Averge_a032a6b9-f72f-478e-857e-e507965e9262
30,30_Averge_f4a0cfca-3a17-4555-a0fe-a4abe86a537a
30,30_Averge_3734b53a-e261-46c2-b65c-1f4832a27caa
30,30_Averge_76aaeaa1-9b85-407a-bc3f-2cdf53440555
30,30_Averge_9658b7fb-c9b3-4040-9fa4-e0bf320c61b7
30,30_Averge_01670565-5901-484a-98d4-5b59003f15b2
30,30_Averge_321df204-1c44-4675-bf5e-9aa6cf424b17
32,32_Averge_185f8d71-86b2-42f0-8792-404068115859
32,32_Averge_a35e7b2e-3748-4d39-ba0c-91d0ff817cbb
32,32_Averge_54dbd6fe-1b68-461d-9bc1-63aa71019bcd
32,32_Averge_b60deea0-a3ec-473f-ba60-695508914e3e
32,32_Averge_5dbc15d7-896d-4aef-a3d2-e8c5287c0ff3
32,32_Averge_4e52bf46-bc79-4759-bc4a-973176028970
32,32_Easy_38c383df-f1c5-4b87-a145-e309b103eb8b
12,12_Hard_bec4d347-8ea7-4123-82c0-bc099a5ce818
35,35_Easy_8f2b81fe-7862-47dd-98fe-24e0dff402ca
35,35_Easy_cf355c22-577f-46f4-9824-59f20da58277
35,35_Easy_e210c78b-f062-45b9-af86-0348eaf5862b
35,35_Easy_182afa33-9852-460f-8c1f-20b8d686ad0c
35,35_Easy_0202101d-7d6e-49be-b9f7-4511b9e62c5d
35,35_Easy_df8683d5-d99f-446a-bafa-ccb8e11e2656
35,35_Easy_154216df-cb14-4934-b7c7-ce3c347ec193
35,35_Easy_31330acd-7bdd-43eb-8173-b46e379d440f
35,35_Easy_b2cb7f99-e41c-40d8-8d9a-c3e9cdb743df
35,35_Easy_619ed72e-3838-4bc7-b931-6c5fa08285f1
18,18_Easy_c033ea9f-2dd0-423b-8889-f73b46a79cc1
17,17_Averge_4c77bb80-1f91-411f-8ef4-eb26f99f1c58
13,13_Averge_e85e462c-a75c-47ff-98fc-bc0d83578671
13,13_Averge_3e313602-aa67-4f3a-b9c6-59ccc5b794fd
11,11_Easy_93aace9f-5e01-45b0-ad80-68d81df941ce
11,11_Easy_894452cc-9839-4798-b20a-b6c061d80988
13,13_Averge_c5fcc9df-e4c4-424a-81da-106f601d194c
17,17_Averge_f9814a33-75cd-4f9b-9539-7a5dd14730c8
9,9_Averge_0739159c-2097-44e3-b20d-ac20b16d774c
9,9_Averge_4e1ac268-e1c5-4fb3-af31-8338185954ce
12,12_Averge_b1bb431b-2df2-4466-b587-e03de91474bc
29,29_Averge_cb72a31a-183b-41e1-a5ef-8117d9d61d68
29,29_Averge_c5aea937-3907-4234-b5b8-c1ffeec46772
29,29_Easy_d2205b19-b11f-4534-80fa-f65a62002238
29,29_Easy_a6025845-c845-4ca7-adf7-649c31c543ee
29,29_Easy_05e01c97-4278-480f-be7e-0d2def529079
29,29_Easy_6ab3da5b-93d7-464d-8264-0c4af1c61294
29,29_Averge_69d95848-f2cb-44b4-ae2d-a583c1704f68
29,29_Easy_a5dc7d5b-a3ed-4ca4-9174-9f59182775bd
29,29_Easy_9251028b-b6c6-45e1-9409-647674ec5958
29,29_Easy_e18048c2-dc95-4ef8-8916-db3406cfe47c
29,29_Easy_58893dbd-bee7-4b4a-bbc8-9e98367f1621
29,29_Averge_3a9c964d-2678-4cc9-b2e9-4807e0f8746c
29,29_Averge_59875a8b-5814-4c33-87ae-08d2641814c1
29,29_Averge_019e7688-d66a-442c-bdd9-b5d8e8813dcf
29,29_Averge_c8c63bd7-94b1-4aff-89c1-3ae20d11de11
26,26_Easy_0c24d9b9-105f-40ba-ba3f-f2cea3565cbe
25,25_Easy_6d78d369-c76d-4a78-b3b8-2f010d676a46
25,25_Easy_facccada-1c4d-4f7f-96ad-d4fc6a22b2e6
25,25_Easy_a15bb840-8c6e-48ae-9edc-15e1741f2ff0
25,25_Averge_810e202d-7e7a-4a94-aef1-1b93020fb643
27,27_Averge_dcd521eb-2825-463a-b0ad-2ab4bb390226
24,24_Averge_186c53eb-b149-4588-b5c9-f14c0990582c
25,25_Easy_3a254ae7-6f2c-4c8c-84cc-e3e9d079a321
25,25_Easy_fea1e572-4599-4220-b030-e5ac5795b133
26,26_Easy_a7799f38-ad47-41bf-9914-9f1afaf0539f
30,30_Averge_07ed6a70-7462-47f5-b1fe-8ddee8f0d0a8
26,26_Hard_743dba67-4d8d-4b05-84a3-efc3fd1d443c
25,25_Easy_2c5f24e8-41bd-4d5d-9bbb-5e3eb96a2d8a
26,26_Hard_e881f9fa-65e4-40c8-8277-c2a999e871b6
28,28_Easy_505eef43-9bab-4a2d-918c-582edc89ff1d
25,25_Hard_79e96ef1-d753-43a3-8f54-bc88a28db175
24,24_Averge_a65af6b5-ebf0-4604-8f08-67d7a8fafb37
30,30_Easy_762a32bb-e385-4a39-bc1b-01c43ba4b332
30,30_Easy_08962cec-e43c-451b-8284-5fcdf56da5c8
29,29_Easy_747a618f-ff91-4486-95fe-b25c18e4a4d7
30,30_Averge_cfb1ae3d-0fc4-4217-b89a-71168967ca0c
30,30_Averge_0c5a99cb-157a-450e-b215-5c0927d30bfb
29,29_Averge_7148aab9-ddc1-434b-9971-d08360f7ef2b
30,30_Averge_38424fdd-cc00-4528-b988-68f017207f18
26,26_Hard_a4d542de-8f6a-4109-a59f-f9e1d4a9f900
26,26_Easy_c7a79f2c-a00b-4c61-9baf-dfd88a88ca94
31,31_Easy_fc18fd81-b18a-4a3e-aa9a-424b71d9e134
28,28_Averge_a2c58f96-f02e-4eb9-8459-a69614cb36a9
30,30_Averge_047ce831-7c35-4915-a011-a7742293c61a
30,30_Easy_f9bf955d-6586-425c-a76c-3b069296ba6c
31,31_Averge_8dabb39c-e7f4-4767-98f3-d943f32e74ed
30,30_Easy_5f9eee28-f0d8-4650-8238-347d4181c65c
30,30_Easy_6c91527e-2873-4691-9be0-f094aff7c5f1
31,31_Easy_f8a9ba88-7a97-4b07-9d7c-39312681c8cd
30,30_Averge_d07648f3-fc8a-4e0c-accd-0eb88da164c1
21,21_Easy_58b65bb8-a05e-4c99-b1a8-27121eb10bde
31,31_Easy_04b67a56-e7c6-4d17-a522-c544bef4db63
21,21_Easy_96e8cb25-812c-4fe4-81e6-d8e8fa0ef255
22,22_Averge_5ba0f841-4a85-4359-8c4c-6f06a434ed9e
23,23_Easy_3c85c55c-1b9d-48e6-a1d1-833ea03998d8
22,22_Easy_34c2e7a5-3f38-4f17-8875-1ecc75e5d3a7
23,23_Easy_0b50863d-d3e2-4364-90cb-d0069789cda4
19,19_Easy_cbf919ce-198e-4e56-8416-7f4c12d1b357
26,26_Easy_bfbe193d-cc59-475d-afbb-abe412e3420c
19,19_Averge_da4961d5-7870-4950-9114-be0a5ed90781
21,21_Easy_f85ea0a8-1251-4f3f-8281-92f86935d3e6
30,30_Averge_7cebe0ed-cd02-47c9-987c-dff42385a41c
30,30_Averge_86beee8a-0c84-4933-b3c4-72c8f1c58641
19,19_Averge_f480afb1-8768-4434-913f-98c8368c75df
19,19_Easy_38b85697-7f80-4ef0-8362-cb7545204df3
19,19_Easy_46cefdaf-7ee2-49e2-af6f-c32fe7239996
19,19_Easy_9c48a08d-5a8e-441c-a133-35246377cad3
19,19_Hard_2e74d977-68c4-4887-8349-dd232827a31f
31,31_Averge_97e7ce2e-a3be-4df8-bfd2-efef24108910
27,27_Averge_f4be3797-aea9-4f7f-aedd-e146227a9ac3
30,30_Averge_26da77b9-06fa-4830-9fe4-547f4703cd69
19,19_Hard_f7dbbc63-5cf0-4585-afdc-719365a0e50e
29,29_Easy_83dcdece-072d-43be-a02b-05147a5a4fe7
13,13_Averge_8195df0a-3073-4d7d-ba0d-1c62f865fd5d
14,14_Easy_908ee6da-958c-4320-bcf5-ef5ffd0bd406
14,14_Easy_32c2223a-ccaa-49cf-8340-1e0cc8ad7178
14,14_Easy_16a38e13-7007-4429-b96c-5d9d5447c42c
14,14_Easy_4d8253d2-e1b9-47fc-b2d4-fd36a9bfb4bf
14,14_Easy_1228d7d8-f73b-40ef-8cbe-b63a14b6b401
14,14_Easy_baedbf8f-d7b5-4465-b950-03dbd5d9cc1e
14,14_Easy_50ebfe44-7d71-4043-a7e0-ea318673cc73
14,14_Easy_b3b5a8ac-0deb-44c5-b6f7-dd852851345a
14,14_Easy_abb0efec-c8d8-4877-9c40-5c968a7408f8
14,14_Easy_ca4041ab-bac0-4863-a379-98492b5d3218
14,14_Easy_f291f96f-ba05-432e-8cf0-8f910c2dd205
14,14_Easy_9d14c65e-4e46-4436-a4c6-1a9b09e9f212
14,14_Easy_7cc421a3-fa43-45a9-a73b-4376bab10d75
14,14_Easy_ab318a00-8370-43ae-8932-7d9123756793
14,14_Easy_798d6d8b-7021-42e6-a9ce-94ce9f6103c4
14,14_Easy_e3ad9734-4aec-4c83-9b07-d43e3748ae45
14,14_Easy_e5814c6c-010a-4622-9a7b-4aed5db96b01
14,14_Easy_b385291c-0d53-4c6f-ba36-15159793e7b2
14,14_Easy_31f096da-9cbc-4aea-a2e7-15a3ab58c1cc
14,14_Averge_9749a2a3-3a4c-4966-95f4-70e6c34c915e
14,14_Averge_fa0c6e32-c57c-49c2-9c68-419990648c15
15,15_Averge_d9b2a16e-f9ff-4386-ab04-34d253740846
16,16_Easy_6a7d5143-54e4-4ef2-9159-74a64ca6db84
16,16_Easy_7070cffc-7635-4fd1-9060-73ead0b406f5
16,16_Easy_fee9ff47-9d0e-42b0-bb88-bdab88cfcfc4
16,16_Easy_e883462d-babb-4df7-951c-2f0e0ce65bc2
16,16_Easy_c9687e47-a73c-4740-9f86-10a0c6dca2b5
16,16_Easy_8edd4c13-beb8-4b4d-8d0d-505ef79321d9
16,16_Averge_c4d8a6f7-226c-4814-9656-0cc09a647498
16,16_Averge_134cb2e2-70f7-48cc-9e1c-dfbf70ea0680
16,16_Averge_05a88f5b-79e6-4ac4-8f2f-0a39fe4fe790
16,16_Averge_6aa55c5e-c364-48b5-93eb-4f77b5c12650
16,16_Averge_0d9a23b1-241e-4efd-8de5-155fdeb9200d
16,16_Averge_7be3a574-afef-4703-bf2f-6c3692f1baea
16,16_Averge_e36df660-65c3-4cbd-89a0-20c1fa9df9af
16,16_Averge_15d57dfd-accc-4f3f-9a08-356dc9d94b62
16,16_Averge_529532f1-4087-47a2-b115-56f3ae7b1d53
16,16_Averge_388060f6-9249-49c0-a93a-f228281e7ce4
16,16_Averge_0da6566a-70dd-449c-9db8-b391359ec090
16,16_Averge_b81217f5-0733-4343-b94f-b5c0d8686db7
16,16_Averge_23bbb96f-0382-490c-9cef-28d3499901ea
16,16_Averge_824d2e75-dfc9-4b2c-9226-366ffc7e48de
16,16_Averge_e2395dc9-50d5-4016-bdab-cb5fb0d632e0
16,16_Averge_cc208ef4-ca5c-4c2e-adfb-530195a7af4c
16,16_Averge_c8fdad7c-003c-48b2-8d2f-4fa41caf0ddc
16,16_Averge_03daf013-2fbd-4642-a65d-3079b121c94b
16,16_Averge_4eb30400-3670-4bdf-9193-3db5795a51bf
16,16_Averge_fbba1258-9861-43da-8c9f-941398300ad6
16,16_Averge_96dd5a0e-7fbc-44ab-811f-abb0d0d23f78
16,16_Averge_7a548b84-c528-49e6-a889-ac0d4a6912f9
16,16_Averge_654a7369-9a51-4d59-8d3d-2aa061cbb725
16,16_Averge_e68f9e14-dba9-46c0-a022-454615a10526
16,16_Averge_34a8c7fb-7db0-4a79-8aa7-277b2cff75e9
16,16_Averge_d83cd971-f92b-4296-b662-de9fba317180
16,16_Averge_de7fe3ea-f43c-4ac9-98de-1c5b24e9f06b
16,16_Averge_a702580e-8e7a-4f0a-83f5-288a9386dd5c
16,16_Averge_7a276bda-22b1-4b46-96dc-8475703c5d00
16,16_Averge_9e1e42ab-beab-422c-8f0f-5af7e24512e6
16,16_Averge_f0fc630f-3d6e-4b58-877e-057a12b61289
16,16_Averge_ac067fd3-a9d0-4ec1-bd4b-80683f9496bb
16,16_Averge_9d9360b5-2161-419d-ab21-df60ab893e22
16,16_Averge_6e7b004d-9af0-4c96-8214-9c94feeaa667
16,16_Averge_4d1bdd5a-5ca7-44e2-9a57-be35624fa7ec
16,16_Averge_f1cb50de-be4a-458b-b872-596f65bf7d5a
17,17_Easy_244d16a8-24b0-4240-9581-27d403b9d099
17,17_Easy_cbaba75f-9e26-4ab1-92f3-7bfa786587f5
17,17_Easy_6a1fe653-29e0-4af4-9c5c-545f01588cff
17,17_Easy_3bbae417-9806-40db-8667-49073b6c1541
17,17_Easy_336134a3-9617-4c72-9495-855b2beaa81b
17,17_Easy_5461b47b-b61b-449a-9fad-3409cec31b09
17,17_Easy_e57bd07e-10c8-4f84-ba03-fd0f3b2f8a7c
17,17_Easy_ed0d8209-3b9c-4fc7-8ffb-fd9373fe9b2a
17,17_Easy_eb4bf164-41b9-4bec-8703-156e1bafe6ee
17,17_Averge_b3c13b62-5980-46f4-9352-33c003a7be89
17,17_Averge_1ac43158-6e3a-4bd1-8ebd-9461415915ff
17,17_Averge_6a8344f0-8c5f-4197-8218-14783d2c9860
17,17_Averge_e15bb62d-ebef-4e11-89cc-8c8c67636e61
17,17_Averge_7d92fb54-c3d3-4011-846b-a1e6b8e540fe
17,17_Averge_99548dfe-f707-4e7a-b3f6-6ffdfee35b91
17,17_Averge_f694c1c7-b1e1-445e-8951-ac1db530c5c8
17,17_Averge_d87bf5ad-cb47-4d62-b023-e324a993bd90
17,17_Averge_72f6d1fe-38c4-471f-8f75-a8efb12f25bc
17,17_Averge_8076bd50-9078-426d-bc3a-d510de774b8d
17,17_Averge_17c2a902-0ca4-4067-9d26-8728e81aa2ca
17,17_Averge_b6f82ead-02f0-410a-8a5f-a01260645918
17,17_Averge_85a81d69-3018-49cf-bd19-a60d6a9aa133
17,17_Averge_e95e5dde-4917-42d4-914c-7034822a7c90
17,17_Averge_283ee288-473d-4a5f-a850-58d9b42ae243
17,17_Averge_a887f05f-d43b-4494-8ab0-2bd8f0aac916
17,17_Averge_30512395-93aa-48d9-9ef2-2d4bf240e99b
17,17_Averge_74cc37ab-747e-4325-955f-e64977accec3
17,17_Averge_cb946ebb-6868-4e46-bf7d-d0c4a781c107
17,17_Hard_21648ad4-4b12-4667-ac9c-8b205c8ea449
18,18_Easy_5b6f83db-298d-406f-b479-cf6a90549de2
18,18_Easy_2ce1ff88-9309-4db5-a569-3b1a540f4441
18,18_Easy_5ffa61ca-5531-4b1c-8d26-d330bbaf1a8d
18,18_Averge_e123f92e-4fa7-4c56-888a-6fc2599e9614
18,18_Averge_d7249b7f-2622-44fa-add1-0eedca494253
18,18_Averge_80f98624-7d54-43dd-924c-80b9be1f1967
18,18_Averge_59595ab1-5049-4b66-ab4c-008dcb478bbe
18,18_Averge_70f7edf8-8dbf-460e-bf3a-738507a27127
18,18_Averge_62fa1ad8-17cf-4fed-82df-c52ac27dcdd1
6,6_Averge_0fa4871f-5406-4e09-84ec-be678e75091a
7,7_Easy_fa7e6ffc-0ac9-4491-8c7e-ddb884ddf91e
7,7_Averge_8367ea36-b987-4a9b-a02a-34f1b8ae8a0b
7,7_Averge_4ba3d01a-fe34-4d3b-a73a-1b971414ba1f
7,7_Averge_27f45e1a-b660-47b7-b6ea-01e3bb152c61
7,7_Averge_43ca092b-beba-40ac-a625-e7d7906f799a
7,7_Averge_a0c3f065-88d4-46d5-94fc-c712de84a0a4
7,7_Averge_0d4a0b7f-cc18-46e7-8409-8d3a175e3df2
7,7_Averge_b6459fed-2581-4bd1-a64a-1ce142fa0aa8
7,7_Averge_f6b86b5f-e335-4575-83db-fb5392ed3dc4
7,7_Averge_43f91aa8-51e2-4d4f-a03f-ed4df72f2122
7,7_Averge_3dadde22-7767-4992-812b-31ca5c1cfd0f
7,7_Averge_23858478-f159-45f1-80e6-93c457d4820d
7,7_Averge_24499ae0-1029-40cd-86a3-44bde56e6de2
7,7_Averge_6ab0d341-a438-42de-9a90-bf84326bca60
7,7_Averge_1ae8c82b-552c-4da3-8bc3-70f28f689ba2
7,7_Averge_7ce15538-be50-4105-89f3-03437a26f959
7,7_Averge_19f1103b-3097-4bb6-94d3-d43c1e6e635e
7,7_Averge_ceffdff7-0edb-4ea2-8005-63cbcb1056a6
7,7_Averge_a1ce34b2-4b47-4922-bade-c19f71d6f7cd
7,7_Averge_d1b661f0-51a9-45d2-9728-0462058ef8b5
7,7_Averge_f51823a0-4544-4161-be3e-54c6b22fd39c
7,7_Averge_bd7ad7e3-c4de-4b7c-9849-5eed50d0dea4
9,9_Easy_c0736051-db88-415c-9dc3-bb22829a418e
9,9_Averge_287231d1-134c-403d-9bfe-76d3a0a0db9d
9,9_Averge_6ceba443-edeb-412b-b7eb-2828cab3c474
9,9_Averge_fa38f7e8-0035-4c40-a29b-27d71833da34
9,9_Averge_e8a9bdf2-0174-4d5b-ab0c-57fba845ee0d
9,9_Averge_05cb75ff-4879-41a6-88d3-156e96455507
9,9_Averge_42cf1f65-547c-48cc-a427-b044bc9be802
9,9_Averge_11cec185-0eae-4878-a0cd-fd70e3b8b608
9,9_Averge_efe6435c-a403-49dc-9cd6-72269e640c62
9,9_Averge_ea482874-b21c-49c0-bbf4-5c2dbe13fffa
10,10_Easy_32c416c2-fa74-4a79-8c6a-684eaf48441b
10,10_Easy_c84c5b32-5792-4436-b7d9-ef62167ec1e6
11,11_Easy_258d06ae-70a4-4ecb-a71a-138a73b560a4
11,11_Easy_fb1916c1-df9a-4bb9-9a35-64fa6330c1c4
11,11_Easy_f195c7c0-1f47-42df-929b-129e3aeedc40
11,11_Easy_7e19fc62-ec88-43ce-9fba-ce2af752b864
11,11_Easy_84c753eb-a88a-4635-b216-ede8e3f3271c
11,11_Easy_3aa35223-8278-49b3-a1e6-86364a919f42
11,11_Easy_23286feb-582c-42f6-abb0-43c24bc763ef
11,11_Easy_5d933aec-9e15-4099-89f6-3fbabd14ed34
11,11_Easy_679936a3-c19c-4801-96a9-a4fcf6e5d2f0
11,11_Easy_5c2907eb-8117-4524-8c44-5846eed60fca
11,11_Easy_411bed11-9a76-48a4-ae56-9dab2714aa5b
11,11_Easy_deb463e9-f54a-4e32-9c5d-e57bc8dab9b9
11,11_Easy_d9aaae3c-54b4-4d48-b474-a6e021781c27
11,11_Easy_b0383867-d10e-4d25-a196-95e533177bf8
11,11_Easy_e7879b62-7656-4b1e-9144-702afc438ce3
11,11_Easy_70f7c047-389c-410b-90e0-d1b2d61f2f0c
11,11_Easy_d5baa20a-7389-4773-a418-d731d8041002
11,11_Averge_9b2359f5-6b25-4d11-bc90-afd865ea5d9f
11,11_Averge_05c47773-7796-41a4-8dec-04e2b28b319f
11,11_Averge_237a864c-ecf6-4e61-9f7a-c024e67435d9
11,11_Averge_2900d1f8-df25-4111-80d8-ab9da86bc5ee
11,11_Averge_fb98c0f7-b9ae-4def-b79e-75993b048985
11,11_Averge_13981c47-232a-47ef-8cee-3c1ac190a2ba
12,12_Easy_d9c3d669-4033-42d2-a209-912d643483f2
12,12_Easy_c7e5cec7-bd88-4099-86c0-47b9d950e27f
12,12_Easy_bd0240c0-f9ed-43be-8ade-04a26a1b2bd0
12,12_Easy_aa3039f3-e401-4031-a5e4-896ebd9decb7
12,12_Easy_fc6b9466-8a10-4793-864b-441a4859099f
12,12_Easy_39e14943-7988-44d1-8cb1-8b9887de57bd
12,12_Easy_59e5deb4-e34a-497a-8c8d-1a5537645ec6
12,12_Easy_4ad7b823-6fb3-405b-b3ec-4e796cde7fdb
12,12_Easy_6a8fe1db-09a4-44b3-b5dc-f428f72173ca
12,12_Easy_e309e361-39b1-4d40-b8de-fc2220ca3866
12,12_Easy_d6c54d19-3c4f-47a3-bc07-d3da42cfc128
12,12_Easy_d3651606-44e7-444b-8df1-311b6e711a52
12,12_Easy_1ebd78ee-842a-4fdb-aa24-30dc90fc3a4e
12,12_Averge_95b834b6-a028-42c8-8748-f251644bc4d1
12,12_Averge_fde9dc2e-1be6-40d0-8852-0a3e7c066a0d
12,12_Averge_ad67dedf-cbf5-41eb-8594-01b6b641083b
12,12_Averge_3399a3ce-fdd8-4538-a379-9fcdb4d23e1a
12,12_Averge_e819baab-8dd0-41bc-89a2-d1ab90ca0a28
12,12_Averge_7712c981-6799-4626-ae56-0653fba3894c
12,12_Averge_7c94d13f-38af-4f03-af63-4066dc998fd4
12,12_Averge_febe0842-7f23-4ceb-8b59-6ac25a0eafc8
12,12_Averge_65d81540-ab79-4f66-adbc-bb3c19d0527d
12,12_Averge_ab792c68-2a2a-4108-80c9-b445f006770d
12,12_Averge_93fe1f49-7439-4c6b-ada4-5980aa8e77b7
12,12_Averge_1b33528c-2315-4efc-b80e-4d1af15647d8
12,12_Averge_b7167236-ac97-4bd9-b998-4acc90f5d7d2
13,13_Averge_b1971154-c2c1-4bf3-a23c-c49f48ca2211
13,13_Averge_d995cf3b-5dc9-4f9b-9c23-32ec67b62c32
13,13_Averge_c78e27ea-7d4c-41e8-a80b-5e4a4df515ca
13,13_Averge_d10d93ad-1e2f-4452-9dc4-ec2fba14a0ce
13,13_Averge_1e806147-8970-46ea-99e4-5fc9d85f162c
13,13_Averge_04230a9a-90b9-4dbf-8c64-3b7a6b09843d
13,13_Averge_a941c86e-e2b6-4399-89de-2674d1963296
13,13_Averge_3c56b591-d33c-4ba3-aae6-214e45cb6fb2
13,13_Averge_778041d7-4883-4712-8860-48803c19c4ce
13,13_Averge_cf414e47-af54-405e-903a-3e4cfa2437fb
13,13_Averge_79c2aa42-9e5d-42e3-8cce-c7e11add7891
13,13_Averge_605c6237-aabc-49eb-89b1-2f03ec6d1fe9
13,13_Averge_3359a034-2889-4575-a3b3-8fd0d1865156
13,13_Averge_2c2ff71d-5399-407b-b961-c8818d606a29
13,13_Averge_66977bca-c167-4337-b1cf-96479347bdcb
13,13_Averge_d56dde4f-bccb-4682-b870-c5f80411f099
13,13_Averge_78b349b6-2d06-47c8-8e81-96f1acbfb5c1
13,13_Averge_5332edea-c621-4ee4-abbd-0f33f806e964
13,13_Averge_7f1696f2-9707-4e49-b681-6df9e1495a42
26,26_Easy_c2960b6d-cef4-4d26-8bcd-89b665e1c709
25,25__5aacd426-06a6-4970-a5a2-b29dd30781c1
25,25__74487d5f-c609-47a8-a00f-f0a7fbcc51cb
25,25__a345dc26-2bf9-4aec-8880-cee46db89155
25,25__debf5b85-e35e-47cb-8dfc-d97e9298a01d
25,25__5f3e0580-af53-4298-af6d-110ed6160eec
25,25__192b223b-a347-424c-8eda-74e165293ad6
25,25__74907f0a-cbcb-4b51-ae95-c7452022cea4
25,25__f9fbb000-ae18-4d18-b593-3e06fdd654d8
25,25__b4a6cab5-f3aa-4c4d-a30a-00017ef90786
25,25__86764ed0-a30a-4898-be68-00d86f8805dc
25,25__68176937-e915-4747-9843-b5b3a83be212
27,27_Easy_ee8eac07-82e3-4575-accf-c26e86392127
27,27_Easy_ed4ee25f-fd4a-46b2-89e2-a9d82dfeb040
27,27_Easy_5ac247ab-0be6-49ee-affc-bd770e46e22c
27,27_Easy_a33f7cba-d56d-4fbd-bfc7-5fc5db37ed28
27,27_Easy_7fb562bd-6940-4d1c-b28d-0bd1256cb281
27,27_Easy_2135000c-5c71-4644-9cab-cae437a8f924
27,27_Easy_88347403-794e-46b6-97a0-6272fa7f392f
27,27_Easy_49abd3ee-6b96-42ce-829c-5d969808a577
27,27_Easy_6ca2fc27-9938-4a8e-8888-b73579126e5b
27,27_Easy_22471964-a8fc-4931-9306-f124ad5fdb49
27,27_Easy_2d37b33f-4694-4f14-b859-1f538ad3ca99
27,27_Easy_ef8d4dbe-f1a8-4b68-b901-e6eabd441749
27,27_Averge_13459bd8-9c12-4fb1-9265-9b8f53dea88b
27,27_Averge_073c9ab7-d41b-4065-9d26-751779bb104b
30,30__6e9e34a0-76b5-4520-bac7-1432baad1a83
30,30__5709dbaa-3861-4f9f-957f-28610615e908
30,30__9a0a0d4d-aee5-4baa-8c07-704f8d721436
30,30__81675d1e-d213-4774-ac0c-4700b573cdb2
30,30__057c0caf-84df-4e44-aabb-f13027a8e5ee
30,30__f5d01021-db44-437d-8dac-e59aefdde798
30,30__bd813433-5762-4b7b-a5ad-016f0a3c6820
30,30__5302aa02-4045-466c-98df-e576abf3ec0c
30,30__3f3035a4-2144-45f5-b636-3d0af3c1e725
30,30__2b26f20e-43db-4542-93fe-6933f9eac4fc
30,30__da2e21cc-334c-4d8b-9b69-3b9eab48ab5b
30,30__2acf27a3-1f86-4082-a57a-635307af1930
30,30__34ae9bbe-716b-48b0-8229-dc3cef1fbe45
30,30__39d5bed3-32d9-4b77-a018-a2289dad5ba3
30,30__efb46e68-48d0-4f22-a05a-9df696b40c3d
30,30__2f74fd7e-255e-4443-b942-8f49a8d5ec48
30,30__7cbaf9c9-27ba-43ac-a0cb-5ea9e3b3271d
30,30__b5eadc23-5994-4688-8fb8-f6a797d77d5b
30,30__142834a8-39e1-4dd0-8b13-ddcd4d8d5340
30,30__15eb90ab-6ccb-4942-9cd1-b10a1dfd37cc
31,31__adb85e98-f0a0-4a98-bf3c-ca386aabd885
25,25_Easy_53cbf8c8-973a-42e5-b130-40635deeadd2
25,25_Easy_1e5643bf-9415-4fea-9de0-8bfcfb39338a
25,25_Easy_f91ae736-be20-40b3-8c5c-a2b7c772100c
25,25_Easy_f1245e8f-975e-485a-adb6-6093c2675b04
25,25_Easy_89ec7ece-2d2f-4dab-8dad-6950ba48f9c5
25,25_Easy_8143bee6-9a87-4d69-afd4-1ac6d7b74932
25,25_Easy_a7cd742a-3c61-407f-82b4-23267479c09b
25,25_Easy_da6753e0-3537-48c8-9ddb-6bf84fee332c
25,25_Easy_c529af30-4d87-4dd0-835f-f932f9c3671b
30,30_Easy_bce5adc7-71a2-40dd-92af-d890f26f5307
30,30_Easy_6696c995-3847-47f6-9b95-ad8ded2c0f48
30,30_Easy_dad87ecf-373b-4892-8acb-5f876645932d
30,30_Easy_dc5e46c2-96d8-4833-9728-5e3fa8670890
30,30_Easy_1087b2da-6ae5-4246-a8dc-999c5bb64ff1
30,30_Easy_09c4ac17-64df-4611-8ef6-2cc5c16782be
30,30_Easy_4b2fe812-1442-4de4-8bab-4799ce90e23a
30,30_Easy_83bc5d60-373e-48ca-85f6-fe07d86de26c
30,30_Easy_9f1c32f5-013f-425b-aa46-27a45a918544
30,30_Easy_71622377-4555-44f4-9493-5d29ad55b557
30,30_Easy_222fb690-c5f6-4f6c-9b0e-552cd483bf80
30,30_Easy_6c4d975d-247f-44e9-b368-0f0ca406f5d1
30,30_Averge_24f7cf3e-e434-42bd-8e6c-54db26d27008
30,30_Hard_e2075d26-ee3e-44c5-ac17-00382f1a85a8
31,31_Easy_0309669a-2b64-452a-b0cc-03da83b7fe23
31,31_Easy_bd136847-8957-4caf-b7c9-e4cbcbd4d81f
31,31_Easy_dc3a3e4d-17d1-402f-80db-f5b4f0f201ca
31,31_Easy_0bd46aac-a456-48fd-a381-b6d42f5b7ef2
31,31_Easy_99758345-a27d-4ee2-8dbc-76df821f8d96
31,31_Easy_e905a375-f29c-49bd-99d8-7def771616b5
31,31_Easy_8d97aba6-d32c-40df-84b1-394b421fd960
31,31_Easy_57500ad7-945a-4068-a1e5-566f667a2f54
31,31_Easy_827ebbe3-0e69-4ead-98d3-d8e7569f5a91
31,31_Easy_02f19985-31bd-4514-8a0e-c284b243ff20
31,31_Easy_b75c8c50-0162-4103-bcd6-3fe65f0df180
31,31_Easy_ed9a9eb0-b2c7-45d1-8e59-ece1395bfd69
31,31_Easy_db76888f-bde6-4848-a0db-716e5547b510
31,31_Easy_a5f25a17-080d-4cd5-98ba-f00b4290a20b
31,31_Easy_b2a2df83-f852-494e-9781-4ca97f5db87b
31,31_Easy_9d730fe1-6711-42ed-a9af-a1834c33ba07
31,31_Averge_0abe6aa4-82c0-4845-91ce-a3d5690587ae
31,31_Averge_d7dd4d66-8505-4477-a49c-e8d1e6969694
31,31_Averge_94a530b0-bc4c-4a1b-8ced-2f1032efb7dd
32,32_Easy_6490316d-e31b-4543-9495-51fae9c56d42
32,32_Easy_76a13fb7-213d-4d88-a74d-912475ffa22d
32,32_Easy_371f500f-d260-468e-a912-050d07b94a49
32,32_Easy_5e33af97-0448-4de3-b995-25b5c832dd24
32,32_Easy_6675259e-9a00-4454-9a6f-7dadd81bc58c
32,32_Averge_648cdf62-f895-42a6-8903-3bc40a305dc3
32,32_Averge_38c2e958-fc79-4686-ae55-9fc0070fd7b7
13,13_Averge_6382a7b2-0d44-4771-9c14-58c7e6eb2dfe
24,24_Easy_1dfa4cc9-0bf4-4b89-8dec-99059be06517
24,24_Easy_3cf149dd-0499-478a-900d-2abdcd9a003b
24,24_Easy_563525cc-a996-481b-af0f-a11c41bc63e1
24,24_Easy_7bb37da3-b781-41fa-b102-ca1a7bec9463
24,24_Easy_fdfc91e2-38cc-4704-bb4f-3c8028a9b9b8
24,24_Easy_36ab6053-9c87-4767-936e-d6d6411672fa
24,24_Easy_c4d2aa11-73e0-4651-8079-1f5625935771
24,24_Easy_4c750c56-751c-43a2-aea2-06bc05237b82
24,24_Averge_325d7a6b-fd9e-4ac0-8376-51c50c68230e
24,24_Averge_e4d304c5-e1ef-40ad-8bb4-34157bfe6170
24,24_Averge_1991673e-c925-4b35-b718-6374b11ad3a3
25,25_Easy_f292846b-a834-4470-9458-6415ce2314e4
25,25_Easy_b78ea36a-095d-43ee-865f-25afbd58541d
25,25_Easy_a4913b07-f431-4cd2-b5b8-f53e238e2617
25,25_Easy_9f57ff14-db36-4817-886d-c8646c2365d5
25,25_Easy_220b6bdc-8e75-40eb-ba95-36e052a706b5
25,25_Easy_ad23b323-1fae-4d8a-b8c6-ad4550df124c
25,25_Easy_f8faf646-5f1a-4f3d-a7ba-a77b0a1d3057
25,25_Easy_6c6bdb70-b943-4e4b-aa9a-0943bcdc2e3b
25,25_Easy_3ad1ca37-148a-46b4-a4ce-8b9eb97faa93
25,25_Averge_232c66da-cb00-4a73-b053-108c2244424b
25,25_Averge_0bdfeedb-2fc4-4e83-9e2f-2eb2cd3ca230
25,25_Averge_8612095a-8200-4167-8990-c7221e24697c
26,26_Easy_482d8afc-c7bd-4c05-a310-fadf22eb74c8
26,26_Easy_76ccc6e5-e759-4fd9-af7f-45b57b1d31a2
26,26_Easy_ccd2daff-cfc0-4791-9094-65473b21e176
26,26_Easy_d7d2e461-d516-4a53-9ac3-2fca8f552c74
26,26_Easy_6afd95c9-7edf-4ca6-85f9-2395bc260d13
26,26_Easy_93467fd2-60d9-46e7-b0fc-c6b636d1943c
26,26_Easy_2c88a0a6-9708-43fc-8c5c-ba87fc5fb4af
26,26_Averge_4419502f-f837-45b7-8190-9a8fe1290e42
26,26_Averge_5fa5fb6d-7dd3-4a72-bb0a-d39e744f87bc
26,26_Averge_dfd159cd-ae4e-4534-ac8f-64cbe24efda2
26,26_Hard_dc76613b-3098-4b4a-b7cf-fd2d84f4ff05
27,27_Easy_d68d547e-9212-477f-9b24-d36ab0a2b5ee
27,27_Easy_c45405e9-0deb-4fa2-8cb2-78e3fb17d300
27,27_Easy_672f912e-585c-4c7c-a2eb-045a549e8aaa
27,27_Easy_704c6602-b98e-462c-88c6-ba093ea6e4e2
27,27_Easy_ddf7e4a2-f87a-4439-96ec-021c4a2cad0b
27,27_Easy_9fdaa377-bfd8-4b81-a8a3-0c7f2a619ece
27,27_Easy_8e2a7f7c-06b1-4025-9b0b-6f3451161ff9
27,27_Easy_661aa266-242a-4dfb-8bf1-a0c215c703fe
27,27_Easy_dfbda39d-4854-4242-8f5c-25df4fad17be
27,27_Easy_1f28eab0-d0cf-4419-9f7c-57b84a64a463
27,27_Easy_10dec0b7-0139-40b7-a91f-4486c10bb502
27,27_Easy_169ac86e-e1ba-484a-b0a5-7895a4e69dd3
27,27_Easy_1117b83f-8859-4a30-a691-aeea243bbf4b
27,27_Easy_9020ff7b-a150-406a-97dc-58912f4daf01
27,27_Easy_660c5f6d-f8e3-401f-8cd5-16ea153c1033
27,27_Easy_835b72f2-26d7-4e63-b8b5-a44e47cdca29
27,27_Easy_96516247-faf6-460a-b8ed-f18a3c9d2e2f
27,27_Easy_af75787c-46c2-43ff-bbf1-f4ab85c2992f
27,27_Easy_59758116-e796-4c9f-94dc-1ea154381235
27,27_Easy_c1c7bfb7-f8d0-4eea-8b77-cdfd0df51268
27,27_Averge_360327e0-4f45-43db-89f7-1a78a26c7f7a
27,27_Averge_4b4dc5b5-eb94-4cc3-867c-1452b2e2707d
32,32_Easy_65c00fa5-f561-4fbe-9568-904278319119
32,32_Easy_2f1691f7-aa4b-4472-a7ce-55d78ec527da
32,32_Easy_8ea41ed1-c2ef-4ed2-8532-6d427f266baf
32,32_Easy_3b1687ac-b17c-4917-a665-6e256e5cc6fe
32,32_Easy_74b923f8-ec00-4ccd-ba85-e7f06d00d8f0
32,32_Easy_12b01120-4592-4d08-b8e1-7dd331ca7363
32,32_Averge_fea572c7-385d-404f-af9f-165884f7ee0c
32,32_Averge_1636fec7-2c8d-404f-bdf3-cb6cb6721984
32,32_Hard_58042fb7-43f4-4109-a36f-9823f2cef9da
35,35_Easy_ecdbd06d-411c-4893-b08d-7482bef6b798
35,35_Easy_5c2cb8d6-44e9-4ef2-a4e6-98e4f53c03a1
11,11_Easy_d01479ec-b58b-4f9c-863c-56170c8a2599
25,25_Averge_f7cbfb98-f223-46da-8f79-7f694c510239
12,12_Averge_04e7e34c-869e-442b-a129-70b263a23da3
15,15_Averge_006d1ea7-5775-4a1a-8dd8-885792ff1cdb
18,18_Easy_75838688-8bfb-425a-91ba-aa258f3aed05
15,15_Averge_b766bf1d-6c05-4098-bd49-1b213940bb36
12,12_Easy_214f7e41-fe26-4ff3-a6a3-970d1ebbf03e
15,15_Averge_a85d31c6-15fe-4959-a206-14e6140676aa
11,11_Easy_f7498a90-9657-430c-9c2f-e7435a1fa83d
6,6_Easy_c2d0ea98-7f4e-48ab-8a6c-56a4fbb24c35
10,10_Easy_854bb742-7d6d-490d-bc52-8b4f96a1dd60
10,10_Easy_22235075-6899-400a-b5d4-b4d6ca1cbc2f
11,11_Easy_67762014-4ee4-4428-b3e3-938b50e42852
18,18_Averge_584836e0-8df3-486b-954b-bd1d69371ae4
24,24_Easy_5914e65c-6b7c-4191-a565-78e05e991c76
24,24_Easy_35935bc1-bd8b-40e1-a0dd-8cf4ff51dd16
24,24_Hard_813bc50e-f43e-4108-a3bd-9f23dfd397f1
29,29_Easy_10ab5090-4a68-4881-a968-8f40f7e9981a
26,26_Easy_b0e8c64c-ed99-47d5-a302-2885d7c94773
31,31_Easy_b7cdc764-b2fa-4b09-8d87-0322900c3838
25,25_Averge_36db1357-e641-4e0d-b97c-332aee329238
30,30_Easy_b6d62af2-f5d0-49b1-a83a-28a442eaad06
31,31_Easy_ae761307-2768-4900-b821-5de693ceb7b0
8,8_Averge_882079d4-2414-42c5-a3e8-9f3939d2d8c3
31,31_Easy_e82fc48c-15c5-4b3e-87ed-c890f16561fe
17,17_Averge_975a13f9-a71c-4790-87aa-bff483609398
9,9_Hard_36c8be14-fcd5-46bd-a902-be38edd8356f
9,9_Hard_af1102d1-aba2-4d34-ac4c-7b5772a3c1b1
10,10_Hard_33e890ca-016b-4333-9a5d-97e9b7c20da4
10,10_Hard_0ece7d23-2c6f-4eb5-b2c0-299e30df1a43
12,12_Easy_44e46937-69c8-457a-b26a-3328ed437ef5
7,7_Averge_5a194bbc-9c0f-435e-b708-f703e89d47bd
7,7_Averge_4969495d-9c8e-4d58-bebc-e7e03452bdba
7,7_Hard_04647575-7395-464e-ba5b-6c105b479d71
6,6_Averge_97b72bab-f831-48e6-a33a-b2e72764cae2
6,6_Averge_b61f72b4-1708-4229-a807-a914683773d7
6,6_Averge_4b5c9f1e-9c35-4a14-833c-0f6f87996286
12,12_Easy_64b5316b-4724-4105-8cd1-5853db81f954
12,12_Easy_577ebde8-090d-4aab-ba56-f8fff99245a3
12,12_Easy_4fdd3212-ccf0-4ec0-ac98-5713109e7a40
12,12_Easy_ecfbf548-35d1-458b-b197-8746d777bb4c
12,12_Averge_50babea4-5e63-444b-89bc-93854820e054
12,12_Averge_540ecb00-1a9a-4b24-8d52-45df2c28c437
12,12_Averge_9dd30073-eb12-4bc5-a953-905f8274cabc
12,12_Averge_68d1dfc4-7a31-4487-9fd5-b3dd22bae059
12,12_Hard_a93a2476-0633-468f-b937-ee6420ccf199
12,12_Hard_a1acd9ee-2212-492e-ae56-62fc742c29fa
12,12_Averge_fed65e00-e4bd-4324-9bab-f16db6aa0048
12,12_Averge_7c88f4ab-ea2f-4091-b000-fd5aaa1c8cc9
12,12_Averge_e4bdf0f1-fa3c-43e4-8ecd-aef08adb7728
12,12_Averge_a8f4fcb0-2290-412c-84f8-f49a8ed4821d
12,12_Averge_573e7555-2e3a-4804-a0f2-95be1701453a
13,13_Averge_607e73ed-4aaf-40de-b140-3419392c5748
13,13_Averge_136e73bf-7921-47b7-bfed-305c0e78bf87
13,13_Averge_e3545ce6-0277-4e54-a9ce-c52038a0485a
13,13_Averge_83560ca8-08de-4356-b26b-d9ac745dc05e
13,13_Averge_545c82e5-2408-418b-856a-b853ea024f94
17,17_Easy_030be257-97e1-4cec-872b-903c7e0d697c
17,17_Easy_eeceb2f9-d939-4454-b608-9f158d1e315f
17,17_Averge_c822fa14-9906-4a41-b9d9-c707bc0f9219
17,17_Averge_7fc52cc2-bdee-46c1-af18-8bd467c641e6
17,17_Averge_7b963fa3-a489-4614-9693-5117b22301c5
17,17_Averge_9ba2f87d-2eb3-4ef3-baa1-45f31e5e7014
17,17_Averge_7c0a33cd-cbf4-4402-a38c-8edf502412b4
17,17_Averge_b0c96b49-381d-469b-b383-4ce25ee88585
17,17_Averge_e04d8aaa-33b2-417d-98ed-2c7418272be4
17,17_Averge_3cd2b401-b302-45b5-8a47-d3d803c0984c
17,17_Averge_19eb7ef8-6c3a-4a9c-8ec4-8c2dfec2d0c7
17,17_Averge_b029e626-f356-4b8b-ae4d-461f27bb4f55
17,17_Averge_4b4011ce-a83d-4616-b170-90cb2bb8b733
17,17_Averge_c703e873-320c-4c32-96a8-93d357ba699e
15,15_Averge_432603dd-da50-4ae7-bfe2-f362fb83bf4b
15,15_Averge_c22562fb-46ee-436d-aef7-8cdb260f6d13
17,17_Averge_7e308584-d312-4434-80e5-6abcb4a7b0cd
17,17_Averge_ffa31867-2b99-497e-8492-7191822e0fcc
16,16_Averge_e5e08f18-f67b-4555-b9ed-1f5f6988f746
16,16_Averge_b7c268b7-95bb-42eb-91ec-926df3e1b4c4
16,16_Averge_493e529c-0815-464a-9ddb-a7cf7e037c48
16,16_Averge_25cab561-cc4f-4c99-b523-d99473a9407b
16,16_Averge_9d5764f4-a10b-4792-acf9-669d1afef6ae
16,16_Averge_2ac95984-03fa-43ed-b7db-490ac703256d
16,16_Averge_7c628480-3e7e-4344-8758-f8fd76ebd8bb
16,16_Averge_342989ec-d045-4f38-88f0-591208556043
16,16_Averge_87fa7005-a096-4e4b-a402-12b840328769
16,16_Averge_4b8ba283-3d0b-4912-a022-620174c254fe
16,16_Averge_3b614a5d-60db-41f3-8537-e517554165d0
16,16_Averge_ea5cfad4-9190-45a8-9844-b8dcdd0b64af
16,16_Averge_5588313a-f781-4d75-b02d-025a195aafe2
16,16_Averge_04c5cf83-e7e0-4f58-b632-10c8a703bd29
16,16_Averge_c8f20b0b-2d1e-4c94-89c2-6420da5f9c0d
15,15_Averge_274be014-9c95-4a4e-8b86-1b394a5eeb6a
15,15_Averge_04263f1f-419a-4a53-ad69-473c7af38a32
15,15_Averge_f3892700-0ce7-4fb0-8e05-b1b429683c63
15,15_Averge_4fdb4111-496c-4e73-9f71-1f1de97dbd0b
15,15_Averge_55eaa977-2537-40f4-ae97-6f05b3deda61
15,15_Averge_e77146d0-874f-4614-8c39-9325b18726bd
15,15_Averge_7403addd-4885-4a26-8b69-9c777310ab15
15,15_Averge_ed9d8fbd-ff6f-416a-b54f-be2d57ed7e22
15,15_Averge_b1786c45-2a31-4b8a-b77c-7d8b255acb88
15,15_Averge_75f5fe6a-5ad8-499d-a9a7-b5290cbf64c2
15,15_Averge_fb169265-3d96-4c7e-a4d4-a958b835427b
15,15_Averge_9740c4ce-0136-441a-8c1d-c8d3cc243069
15,15_Hard_c18a355e-dc6b-48f5-b758-ccdd53eaa51f
15,15_Hard_6381b8e7-f377-442e-9aee-b7cb8f3eb632
14,14_Easy_9aedef86-b21f-4fbc-8ef7-257c43d81b28
14,14_Easy_2c8a6c8c-996b-485f-b285-30158286e975
16,16_Averge_9bdb4d92-8c3f-4011-bcd1-88d18f6e3269
18,18_Averge_aefe6c8f-04f5-4207-9a3d-4ab7fc155a62
18,18_Averge_6ac486fb-c919-41ae-8608-fad9d635aad8
18,18_Averge_5d8add54-6fa0-4fb2-9af1-255f917e1411
17,17_Averge_2f8e543b-b422-4920-aaf7-e2f84132a545
16,16_Averge_e1477434-ea78-4d4c-b49e-ff5ba8b6f495
16,16_Averge_d8f3464b-d273-4685-8c3f-b728da9ad061
15,15_Averge_f59fdfc1-8664-42a5-801e-d8e9b4dc33b6
11,11_Easy_3bd08d26-2a9b-4087-9dcd-8d4335b46418
11,11_Easy_2d6b1f8e-6eba-4d16-9619-e70e6f970100
11,11_Easy_cbc24b84-755f-47d9-9653-3a64b38e8918
13,13_Averge_1c9369b4-fe5a-4c3f-9e75-11c77e2f6550
16,16_Averge_846a962c-e87f-40b2-895a-1404aaf6e7b9
16,16_Easy_472ec003-bdd5-4436-ad54-784e8f983ca8
9,9_Averge_0072558e-c804-4968-8693-3ee7d7d1eaad
13,13_Averge_cf656eac-cd6d-443e-9767-2dd320a47611
13,13_Averge_610b8699-515b-44a2-952e-df3121d2a309
13,13_Averge_585f9b5e-c8c1-4327-9431-5444b6e7dd7e
13,13_Averge_621e23da-ee14-4037-a630-32687bceaab3
13,13_Hard_86bbe61f-f175-4bc5-9fe7-51029741b23f
7,7_Easy_707c6e0e-5c99-41ca-95c0-e35c0fe426f3
17,17_Easy_c82de6a1-9f1a-44b9-b122-2d66d2869c25
18,18_Hard_7c721096-d442-40cc-bffb-3e204c700914
6,6_Averge_21f44f90-5688-4b32-a7d7-5bfeab6ae5f3
7,7_Easy_736021d4-a9fb-4dfd-a600-adff693464ed
6,6_Averge_2479ac0e-0237-4ad6-a9b8-65447808549f
15,15_Averge_5a79102c-2a4e-4280-bed2-dc7954342c44
17,17_Averge_d3b208be-ace0-4c8c-aac8-fae19e89ca88
17,17_Hard_07d86362-5be4-42dd-9c9c-8152942155f3
17,17_Averge_c0c90e84-766c-4747-88a3-b6238b474550
14,14_Averge_583f5431-05ab-4bd3-98f0-8e143a1cf4fb
9,9_Averge_4ac998a6-9b8d-4d96-9354-ded98a072b22
9,9_Averge_5be04c2c-5dc8-4a63-a898-c67568c9c5f9
9,9_Averge_2d2bc2f9-a114-4be8-b30f-58186bffc253
9,9_Averge_60cf74d9-75b7-4a9d-aa2c-dc9527c7a499
9,9_Averge_79c2feab-d18f-4f5b-9b0c-25f2f326b927
26,26_Averge_af48db86-abdd-43e8-ab6b-c29741efca19
27,27_Averge_de80e4f1-2a84-406e-8a39-12c3d244556c
30,30_Averge_f44845ac-a792-4ca5-b141-d50f3227cf07
32,32_Easy_faee7570-fb25-4e1f-86dc-bd731466da8d
30,30_Easy_fc640c52-dd9b-462f-a11a-b69ed71bebe1
16,16_Averge_a28f3191-d9e1-49d4-bad7-48ae64184d10
18,18_Easy_18b9234a-f9d1-4013-ba2c-6a9601ba9dae
12,12_Easy_fad2c9ee-e783-4644-aeae-a636219dae74
17,17_Averge_d425c0b0-7c51-40f9-85ff-295f06cd8737
7,7_Averge_9a9d8ead-42b1-4a28-a07a-7498fa683a88
12,12_Easy_753e701b-bdb9-49de-8564-bad396826e36
15,15_Averge_c1783f73-b447-4e82-840c-75966dd33aff
31,31_Averge_0ecbd8a7-918a-47bf-a1a4-c4c2f7e01656
31,31_Averge_88508e16-d380-40d9-83d9-cb6c5cf3d375
30,30_Easy_1099e869-750c-4bb7-8316-5f96ae87140e
30,30_Easy_ffb90bb4-ba95-4a1c-8401-3b8a784e81ff
30,30_Averge_2776e3d0-2c46-478b-b771-8a7ed4fc4409
30,30_Averge_c0da726a-bb10-47eb-971d-c22d96bb2e1d
30,30_Averge_be7f4ed8-9313-4258-b27b-339dd7926923
30,30_Averge_d54e2e3b-a0d9-4ade-846f-1ce1874cc078
24,24_Easy_3ed8483d-b2f1-45c9-8f06-571b36de1230
32,32_Averge_84f231b2-2b9f-45fc-b465-da9888899880
32,32_Averge_66462d4a-dd6a-48bf-a431-f8dbf94d9bde
29,29_Averge_803f651d-dc3d-4ed6-8b5a-c24b8fef0d6a
29,29_Averge_a142e96c-8297-4077-be08-6a9f1a045891
31,31_Easy_e2978f97-0732-48af-8365-134bcffebfe1
31,31_Averge_817819e8-8407-4d20-be16-1eb0c40dde84
8,8_Easy_1d402b92-5bef-4bfd-9cb8-53cb652bbb81
19,19_Easy_f42a0e8f-62f6-4d17-8a5f-9b4e3211d325
19,19_Averge_ed3b457f-369b-41c0-9e7d-035118f5ff02