39,39_Easy_f05d3bed-f11a-4c0e-8507-352be55b29c1
39,39_Easy_dfbc7b1f-5aa3-4958-82f1-ddaf744143ec
39,39_Easy_35d513f6-4c2a-42ed-ab6e-4797bafb51e0
39,39_Easy_0cc89fec-f77c-4844-b8d1-92560645df51
39,39_Easy_9530ead0-278f-401d-a9a9-fb023da56f81
39,39_Easy_1b215d17-13c7-40bb-81ea-cfe3a3896d68
39,39_Easy_6748f6a9-1435-428f-bdb3-901644a2b405
39,39_Easy_a0f12be1-1ce4-4691-9b30-df01ff34ee64
39,39_Easy_73a951ff-bf8d-4e38-8d26-3956549a17bb
39,39_Hard_c6cd346f-0b17-4a4b-abb0-1d979897a729
39,39_Hard_bbfea014-e20c-45ae-b933-7b47f7983838
64,64_Easy_30ffeb27-f15a-4f22-bf0e-a833b0dfc717
64,64_Easy_6924854f-2c8f-4f9a-8e99-7ce8950888f0
64,64_Easy_4fadcf23-403d-4ed7-ac94-a4448eb2b36d
64,64_Easy_d478eb94-3662-43f1-ab19-c88bd8b9bca5
64,64_Easy_6eef1723-c32d-49c1-860c-a2e70756b019
64,64_Easy_5e39b164-659c-4023-b1e7-76dffd2e0b58
64,64_Easy_d8a77d11-60d5-48fc-9127-d7c9c40a506c
39,39_Easy_e990f37b-24e7-4f63-be66-40d07f448648
39,39_Easy_fdc5b054-63c3-4e6f-acd6-2f52f3a89045
66,66_Easy_510a3bf7-4f67-4514-957c-bde0068f33bf
39,39_Easy_ae8d7879-4492-4a3e-ae8b-d786bfba3930
39,39_Easy_cc754a83-d62a-4541-a160-d7fb9175eb87
66,66_Easy_cbe3a100-3878-4535-a3de-1cc7fad3a78d
39,39_Easy_6e859939-56cc-4200-be04-8113f129898d
39,39_Easy_bdb179d5-7e52-488e-a9f7-5f6f1fe39292
66,66_Averge_f6b82332-1861-4496-9757-65e5e2808acf
39,39_Easy_f791aabf-4e99-42de-a348-5ed63cb0a5d9
39,39_Easy_fc000281-eec1-4c25-a856-7a7b881a744f
39,39_Easy_4f295222-2f98-4e62-a767-a4032c12df70
66,66_Averge_f85b1915-74e4-4a1d-be18-663167fcff2a
39,39_Easy_74bfc464-6b33-4c2f-9353-8aa704adbd33
66,66_Averge_52758275-8375-4715-b658-cea6927d9300
66,66_Averge_47706b5e-c157-48bf-85e9-35d56967b034
66,66_Averge_32c4d6f9-70b3-4c8a-863d-c5e9565ed5f0
39,39_Easy_41bd9666-df52-4809-baa1-668d903a8df4
39,39_Easy_c03f7500-3df0-436f-9481-52528bf617ec
66,66_Averge_8b23d042-4652-43fd-998a-eece26f812bc
39,39_Easy_8bd8d339-00c8-4c08-9db8-95a885337d7a
66,66_Averge_be735273-2fef-4944-a3ef-6eaa041a1369
39,39_Easy_5fa3d25e-68d8-408b-a817-5037ebd1750b
39,39_Easy_fd335327-4650-42f2-9453-621ec4423f68
66,66_Averge_41cfc950-875c-4f75-b141-f7cd57dc6392
39,39_Easy_15754228-2ac7-40bd-8906-5dd3055a3407
66,66_Averge_97714521-7797-44cd-b7c0-441e202f484d
39,39_Easy_31203953-1ce7-4826-aae4-7e2ea44c3b90
39,39_Easy_5770c0e9-8247-4b48-98fe-de8c56ba02e3
66,66_Averge_eabec135-ffef-4594-b9de-6e0e64c9af62
39,39_Easy_6c2edaed-f022-4bf7-b4e8-27ae41fc3984
66,66_Averge_cf5e9c65-76ce-486b-ab99-46ebd5bf0140
39,39_Averge_eff92952-6141-4934-b0ec-bfb061a2e0f1
39,39_Averge_5ec19216-7118-485e-8c11-86dcc37ba0a0
66,66_Averge_5ececea4-389d-45cf-a37f-6b7305f75617
43,43_Easy_2537d217-d4e7-45ff-8de1-e324ce2ea17a
43,43_Easy_bf10a6c2-3de5-4acf-aa49-88f619efdf52
43,43_Easy_5e6c6ca6-5dd8-4037-bcc6-e553aaed44bb
43,43_Easy_f92d67cd-1c6f-433d-8509-4952ea0e0161
43,43_Easy_5a237b24-039c-49b6-bb2f-48f46a89b974
43,43_Easy_e11228d6-c2b1-43e9-8fa3-5569350f7a1c
43,43_Easy_1a4aed4a-23dd-4378-a2ea-dbad8e2f78f2
43,43_Averge_85c41494-0e45-40a8-9a96-11daa0b969a8
43,43_Averge_28371a9f-5ac4-4a3a-a6b8-9da1a604f712
43,43_Averge_1d85a9b2-66be-443f-94a6-b571ddf6aa4b
43,43_Averge_60daa985-6d3f-42b5-80d8-43dbf301c917
43,43_Averge_35588c24-4c7e-4f91-8b65-65e0b8bde442
66,66_Easy_6ed8459b-0cc7-4f3c-a685-3b869338a894
43,43_Averge_b3c911f1-1847-4379-9a41-fb09a9b1a2c1
43,43_Averge_a1785e44-b70e-422c-91be-bb3fc3138356
66,66_Easy_34c61b21-2816-4833-9704-d5901ccc26c9
66,66_Easy_131aed76-bde0-4f04-aef3-6f071bd5f5bb
43,43_Averge_0ca769d9-68b4-4fcb-938e-c393097d5a27
66,66_Easy_fe1d628a-a7e2-491b-ba57-dcd2797d8846
43,43_Averge_75105f32-78e1-4917-9625-da5e28025082
66,66_Easy_74be86ba-bd5d-4a77-9949-9947b1441304
66,66_Easy_8cfa5f24-d2be-480e-b07c-99fac8732df7
66,66_Easy_6f6d1e52-1771-4526-8cc3-20db29213b35
66,66_Easy_4032b71b-09e4-47f1-8f0d-312a69d22dc1
66,66_Easy_fe58d458-1be4-4d2c-b681-c31a6ef5a1e2
43,43_Hard_d4f34f01-be10-4e7b-9bec-86ac3474a760
43,43_Hard_3f5557ab-2547-4d09-a55e-4382b9644c26
43,43_Hard_806ac4c6-8ed2-4cee-bcd6-b8646aaf9f8e
43,43_Hard_a8456a69-64f9-49d4-920a-66bf17ba210f
43,43_Hard_587f1ae8-d305-4245-af38-c5873e830ae0
43,43_Hard_b0f79656-28f1-4353-82b7-7b1481fbe93d
43,43_Hard_03abc9ee-0bdc-4ce0-b860-5e203135ac5d
43,43_Hard_c6e29257-d6d7-4d04-839f-cc425ae75a06
43,43_Hard_e7c4adf3-979e-4490-8433-e8f5a257c26e
44,44_Easy_291892a7-fe25-4d13-8f57-e91f83981012
44,44_Easy_bc791ed0-a6fd-49a5-aa2b-c60c83415b3a
44,44_Easy_587adeae-9c1d-49b4-94b7-5d3890263079
44,44_Averge_6dcc7695-ce8f-451b-8403-c4d88238db63
26,26_Easy_894e27d6-a2ea-4517-829f-87e494e4e819
26,26_Easy_e901986a-93b7-4fd5-b576-16e6774b0ae5
44,44_Averge_85943f12-41d6-49d0-b59e-17904ef1ddef
26,26_Easy_ff0f83b6-b57f-45b0-a635-7a17c8d3d98f
44,44_Averge_e1dfa461-e80f-429d-9313-ffc952eea426
26,26_Easy_dca0de07-00d5-4029-afba-01ecea59cb33
44,44_Averge_8b428113-5e42-47dd-bce9-031785a38bc5
26,26_Easy_4f696dfa-5c3c-4d00-8675-e5e1fe3ac458
44,44_Averge_340db5e4-9e33-47ba-b8e5-d50f1ea0a380
26,26_Easy_58872d24-790c-4277-b7be-ea185c6e0910
26,26_Easy_83af53d1-b253-414e-bf70-73d66463ddd5
44,44_Hard_a0ad5bac-9128-4a9f-b56f-10dc1dfccdbd
44,44_Hard_0ccdabde-7d89-42d0-9d70-1ddaff584013
45,45_Easy_3414c5af-f0bd-45d4-b379-a78af17cfc34
26,26_Easy_2700f21d-014c-4b97-b69b-5ea0085eb2b6
45,45_Easy_eab68578-cb7a-4fd3-aeb5-0823cb5455e5
45,45_Easy_2fd753c6-8e85-4a4e-b4cf-2a317fdc1793
26,26_Easy_8288fb3d-348c-4b42-89ca-6188d8cc095d
26,26_Easy_79983935-bfea-4ab3-bbbb-c4cbf2234f4c
26,26_Easy_8c925e0a-0f1e-4e5b-a027-97d079fe1027
45,45_Averge_290de974-71fc-4b77-8011-9c37242d28c1
45,45_Averge_8bcc08df-ba47-48fa-be46-3355a285ad3c
26,26_Easy_c4dd1507-6678-4afc-b9db-0e9789fb745c
45,45_Hard_bb8dd458-2227-4206-9f6c-f2c14005a6cd
26,26_Easy_9cd68626-d292-49b0-8760-e5ea75ebebf1
45,45_Hard_2bc5e75f-e698-4822-b963-04e1206c69e8
45,45_Hard_eb8db31c-898f-4d5c-ad30-a4296aeeef6f
26,26_Easy_4f029568-6c9d-4b9c-8f8c-598d1e867bf8
47,47_Easy_0489a2bf-4818-4dbe-8f4b-d409b7b83384
47,47_Easy_78e2113a-1413-4605-a9dd-431d5e587e49
47,47_Easy_85315ae3-4c28-4927-8906-a71a5719a614
26,26_Easy_cc41876e-7846-4ac5-ac7b-e7d9f3b49c11
47,47_Easy_07c1334c-e4f6-40b9-b634-126dbd5379ae
26,26_Easy_d3fa3bac-c59e-48f1-8d3e-248ef7c1328f
47,47_Easy_67367387-b5b0-4672-8653-7072b81e06e8
47,47_Easy_8e770c55-a04c-4811-b734-003f66c0ff4a
47,47_Easy_c83216e3-9228-4048-a36e-b67a375da824
47,47_Easy_9e9c553f-cce0-4043-9f2b-5fba746f2a8e
47,47_Easy_93213e86-0101-4fb5-a126-231ec0453c90
47,47_Easy_633a6a07-ba94-467d-a450-ae2745e54b53
26,26_Easy_3cc78439-cc21-4134-807e-8905e3438af7
47,47_Averge_569bb25d-9d1f-4dec-ac82-7b0d4e76174a
47,47_Averge_f0344e73-389f-4dfc-bed1-6c6242c4291b
47,47_Averge_39c1807c-279a-40da-9d67-9bc9dcc4922e
47,47_Averge_2254a96f-63e5-4228-b7e6-303fc88799c6
47,47_Averge_3fbe60cd-580a-4da3-a276-80ae86251b37
47,47_Averge_517823dd-49b5-4c44-a479-8c2e7fd745eb
47,47_Averge_37068a0b-8ce9-4ffe-8866-dd7e7327778c
47,47_Hard_e5533680-5ba8-42f2-a145-9bc02789b382
47,47_Hard_acf9690e-314c-4f9b-a329-394a536d5eb4
28,28_Easy_40a360cb-0c62-4005-bd75-e0cef8ec1a1f
28,28_Easy_e41160f7-ff72-4434-b756-966630efc62b
28,28_Easy_8541e0b3-424e-4d72-954e-c9fce1717c76
52,52_Averge_eff07bee-a6d0-43ee-866a-9da963669b7a
28,28_Easy_335fa2d8-ec35-489b-beb6-31bbb6616ded
52,52_Averge_a3204fa7-fef2-4339-9dcf-2fcc07e66f14
52,52_Averge_d4bc3bfb-3ee8-4666-a866-08eccb1bc77a
28,28_Easy_9d63961d-ed85-4131-9cb8-f555ca18dd96
52,52_Averge_1a1a934f-ee31-4e68-8124-6f0bb3836a71
52,52_Averge_77bed07f-63ab-426b-a288-48b155327790
52,52_Averge_e9abd5c9-4ab7-4925-9ea3-40b9002a4f81
52,52_Averge_acb91b97-eab7-41be-8b9b-104ec278bd19
28,28_Easy_3ee3a1de-f4ff-4546-9ca1-69a6d5e92cc8
52,52_Hard_e658e876-c2b3-4717-9ff3-c0945fb71f15
28,28_Easy_a5b9db22-d122-4e73-aec3-8020a1b6cf6f
28,28_Easy_ab79fa4c-22a3-4a1d-b87f-13849173707a
28,28_Easy_970891f4-66b3-43ce-a3f1-427a059f96fc
28,28_Easy_5741b614-4b1f-4a51-8325-4b27add0b49d
28,28_Easy_3f976c0a-8983-4108-b833-41152b25031f
53,53_Averge_785320c6-2669-4fe4-ab8e-ecf424910f8d
53,53_Averge_1ad0e19b-2622-48b0-960b-76808d613793
53,53_Averge_29982222-d6b5-44d1-9010-c515e617c050
28,28_Easy_b613d749-6691-4dbc-abb0-c4c9dbeeea11
53,53_Hard_516223c4-5ad4-4fdb-b29e-70402aa3a307
53,53_Hard_340cecf7-6b77-4b82-91ec-138d26d36909
53,53_Hard_094a6b18-8db0-4b8a-9569-ee8e24820b08
28,28_Easy_c3cfc50c-c9f7-4647-822d-e16b6fad6ad4
53,53_Hard_1b6b56cf-a704-40a5-89aa-32e7f8539af6
53,53_Hard_ba535f9c-d54f-4152-867b-a39e1bf70d50
28,28_Easy_a6bddf23-7ad6-4439-9591-e2b4eae3a43e
54,54_Easy_2335920f-6620-4e94-9854-4e9c6150eab8
54,54_Easy_ec5debe0-220b-4412-b031-8a4b370fc3f8
29,29_Easy_55f02d81-b4be-497c-b875-2d9d5b3d942d
29,29_Easy_7d8be2db-0703-4440-8e72-36f7721b9291
29,29_Easy_b3bb2982-aef5-47f9-a865-e1d806acc66e
29,29_Easy_0ef90462-5d77-4acb-8183-88e9fbaa5e98
29,29_Easy_cd83f00b-7a07-49e3-82e9-26c409807a3c
29,29_Easy_8431af39-9077-4484-a9b2-5018cd1dfc02
29,29_Easy_1614f7a2-c512-4295-a331-bf3114ea75c2
29,29_Easy_63c62ba2-fb59-47e4-81e4-ee119c07c4b3
29,29_Easy_448346e9-0464-4079-961f-6fe94fff0a42
29,29_Easy_b9d4f947-d865-4045-9fb0-51b8b338ed25
29,29_Easy_aab9b532-0926-46e8-a10f-f3cdf599006e
29,29_Easy_39095c18-da48-49ff-835f-18f050db337f
29,29_Easy_48093bf7-797b-48e4-93b0-0c7d96b37ca8
29,29_Easy_43495533-2ef5-4bda-886e-d22444c3d982
29,29_Easy_927da5d3-d0da-4ed3-bfa5-6d7ee6edfecb
29,29_Easy_bf35d48a-bcf2-437b-b81d-9a2e99a39bb4
29,29_Easy_793bb605-7ced-4a9a-b0bb-684659fdfb13
29,29_Easy_01b06e50-3399-4479-997d-9a5d8dd2d5b3
31,31_Easy_8ba27d48-68b6-4f9d-aaab-32ea0e1abf0e
31,31_Easy_1b11768c-a93e-4efa-b7f3-53d369057a43
31,31_Easy_bfebffe7-90df-4c37-9ca9-ed0319ac92ba
31,31_Easy_6328fc76-46db-4a90-8e3e-f19eccd48ddb
31,31_Easy_06a278bb-92e7-4dfa-b3d7-0a7966de2900
31,31_Easy_73a1e37c-72fb-473c-9897-d29c54f4a076
31,31_Easy_9be1b9bc-69c2-493a-b41b-137f4ce57a5c
31,31_Easy_a0d48159-44ec-42b6-b3be-c3e4a85431a7
31,31_Easy_b2332909-cb3b-44be-a759-35af3f26d0d3
31,31_Easy_f01be49b-1882-4063-a5b3-5ae3719e4694
31,31_Easy_d194453d-d7c6-436b-9770-024531fc457b
31,31_Easy_5f094474-93ff-432e-bfa7-965c5b1cbd67
31,31_Easy_5148b96b-3e77-46a8-9a4a-3d01b61d478e
31,31_Easy_ee96aac0-6596-4dd8-80f0-170ccfc4912a
31,31_Easy_ec01c4ee-2c8e-4d5d-b1f2-e05c0d5aefd6
31,31_Easy_51c515bd-f15f-44f1-8cff-0a158bff8584
31,31_Easy_fb98a01c-cb26-4ae5-9288-100700a9af29
32,32_Easy_c829078a-3883-4c9f-9c5f-588772fd1da4
32,32_Easy_8dcddc37-ff97-42b9-af09-2c6f1e632f5f
32,32_Easy_fefa2ed4-52a7-4bdd-b2d4-6bfe73249029
32,32_Easy_4300bb8b-9852-42ed-9451-991d1f6e9a71
32,32_Easy_bac2e3d8-c54b-430e-b68e-1fdf9eb206f5
34,34_Easy_d9ae487a-fbb9-4878-a755-b72143797131
34,34_Easy_28dcc52c-7c61-4624-9115-d3aba78a7f06
34,34_Easy_01e84ae5-f22c-4895-b254-c0ae9d443bcd
34,34_Easy_42328539-bf5d-4802-b07f-a70d9de8be5a
34,34_Easy_ad71643a-bfae-4081-975d-09aa98ddd3c8
34,34_Easy_bf46dd00-5062-4a92-9e05-fc471e20d0f5
34,34_Easy_a9065ed8-63c2-4c66-b50b-5921501a8b45
34,34_Easy_7c41bdd7-838a-4f71-a64f-115e0e9b2711
34,34_Easy_3d746a62-0bbf-4151-b3da-2881bc6b6a9c
34,34_Easy_98ebd2d9-11e0-46d2-b1b9-fad8087c6ee7
34,34_Easy_2db7e4bc-7f35-4b1f-ad8f-1c4b6d985dad
34,34_Easy_606c5f77-0a70-4dc2-8634-d8dfe0285584
34,34_Easy_cf2a522b-ec2d-460f-a1b7-08b02b4363d5
34,34_Easy_82c52b49-cd50-4b6f-bbc8-29a44e9b8a58
34,34_Easy_daba4acb-6d86-4a64-8a86-f8c3a0755852
34,34_Easy_360397b7-78f3-4e8a-bce6-420642d24554
34,34_Easy_e8ffa40f-72a1-479b-9690-78ee71a1f402
35,35_Easy_a362d10b-1ef0-42b2-9f02-4b4e76681b1c
35,35_Easy_b6328eaf-e652-4a48-a6c0-4127c6621e73
35,35_Easy_dfa9ac08-df10-49af-9e3d-98e59aeddab4
35,35_Easy_4898e4ab-c8e2-4e99-ae1a-0469600c12c2
35,35_Easy_085ec809-b4ea-42ff-beb0-b921f1bc4807
35,35_Easy_ce109697-be1e-48ab-88ae-0b97a6f6131e
35,35_Easy_29fe1f79-6870-4985-904d-a98201de080f
35,35_Easy_98e8e643-7ff3-47c2-afdf-6ccdcfead7d6
36,36_Easy_4ba64628-14b6-4cda-9fb2-a18fb1305ac0
36,36_Easy_e36bf534-4fee-4dc8-8248-eb103a36e5a2
36,36_Easy_fc7d4b5d-f63e-4d50-a124-5a18f969aa75
36,36_Easy_d1d831bb-7ee6-4de8-a3a9-6d7560c24149
36,36_Easy_4077e9e6-1d3d-4e47-8ae6-4e11c0b23035
36,36_Easy_cded231e-b592-4a90-af61-24bcd0841cb5
36,36_Easy_5c0b6394-84c2-4922-a01d-d01bccb1435c
36,36_Easy_50ea04f3-8f3f-4d05-857b-776797131bf9
36,36_Easy_87e42be4-6723-4d17-bf50-e9a0cc011a8a
36,36_Easy_5e7b02c0-d16e-454d-b8f4-887dbbf19a46
36,36_Easy_264beaec-fc8a-4985-8a5c-2326ff7cd127
36,36_Easy_7ec0cccc-0fa3-4cd0-b0ee-a7d2666d0b64
36,36_Easy_2d02996a-49c2-42c6-8fdd-150238abcb3a
36,36_Easy_eac626a7-4ab6-4204-8fe9-07293684034c
36,36_Easy_1c4110a8-1903-4ea1-adbf-eca2631c464f
36,36_Easy_19ebdf08-1c32-4c98-ae5a-8d98715c8f80
36,36_Easy_b9951baa-7b79-41ed-b1ad-5e98f4995340
36,36_Easy_c45267cd-9e67-4828-8639-c397dd5d161e
36,36_Easy_c0990132-3bff-40e9-b3f6-32b191e80541
36,36_Easy_82eaf758-9e9a-4a0d-a854-f8f8da4e7682
36,36_Easy_983dcf64-3661-4cbd-b34a-10c0e4b2aa4c
36,36_Easy_2219f7e2-6352-42a4-92f4-46b9402b337b
36,36_Easy_87ed500d-d3ee-4b8f-b0a0-797bbb6d62f3
36,36_Easy_ea7fccfb-8b47-494e-a860-44b45d475d75
37,37_Easy_269aac7b-60ca-45e2-90b0-05cb7cc4ccdd
37,37_Easy_3f79beb3-19be-4743-9295-7dcc9e07d380
37,37_Easy_252fa6c5-0300-4a12-bc8e-25be808f3add
37,37_Easy_3574c9d5-aeac-4e6e-96a3-8f54428a3279
37,37_Easy_c922c0b1-da49-4a77-8ca0-b7d345fc95f9
37,37_Easy_f3488d22-856e-4753-9546-d091ca891fe9
37,37_Easy_0965ef86-b2fd-4129-a463-e2d1ab7757ab
37,37_Easy_34e514e5-6dc3-4ef6-a491-f45a8f5fcaa5
37,37_Easy_cc843171-71f5-4f91-b6ae-ec5286ca626e
37,37_Easy_77ce169c-ae73-4003-a43b-b74907b6be99
37,37_Easy_0bd03b35-1a32-4cf6-b7c5-4132bfc0875d
37,37_Easy_ebafe8b2-61d8-497f-9810-d4b9036fe2ee
37,37_Easy_e72fb9f0-b891-4298-8cfd-98c5849c4f8c
37,37_Easy_5c3d3499-695d-4067-ad76-cfee3f229031
37,37_Easy_30196f4f-1d3d-48e9-990d-19a77e3b80e2
37,37_Easy_97f384d7-60c2-466c-9ad5-4b90d10c8864
37,37_Easy_2c9411ad-e915-45fe-a215-286287bd5e08
37,37_Easy_cbefcc7c-68e9-43e3-97a0-b6e2cab5d911
37,37_Easy_1acd11e8-8bf5-4614-af1b-4fc352c048a2
37,37_Easy_b5b3da3e-2c5a-449f-ae1d-b39272614e6d
37,37_Easy_6c0f1fca-e795-4bbd-8232-bec7529ae616
37,37_Easy_ebb74535-ddbb-47ac-b3e7-1df26531b548
37,37_Easy_2253850c-8791-4355-82b8-e79ae03dd7f1
54,54_Easy_2b61d011-ad3e-41b4-9f74-84af59434a46
54,54_Easy_f566e0c2-7d06-4ef8-818e-48ef05619794
54,54_Easy_0ef30fa2-13e7-4fb4-bf16-2dd168c7c7fd
54,54_Easy_c0a39d13-7fa3-47b3-9a19-24b406abb575
54,54_Easy_4e2cefdd-ac98-40ed-9b08-7042a040c218
54,54_Easy_18041795-8c1a-4a0a-8e78-21c56318239e
54,54_Easy_b1cca99f-d699-447f-8372-0170ff10dd98
54,54_Easy_1f23f317-da30-4d7e-8285-2741396e9c15
54,54_Easy_ce898efd-1b88-4327-9422-5cbbdee67cc5
54,54_Easy_542ebc04-dcd9-4796-9b72-f147fe5cdd39
54,54_Averge_325c135d-afea-400b-a192-7209805b03d6
54,54_Averge_cbc73ad8-8b16-4478-9a69-1f2673160a0d
55,55_Easy_0cb10a00-bec6-4ad1-9b20-536ec2cd642e
55,55_Easy_26280d36-3e39-40c5-b1ff-66d140bb5ace
55,55_Easy_353d3fab-3638-4761-b41a-ba65fb9573ac
55,55_Easy_7b84ad01-33ba-49c2-890d-9a23d089361e
55,55_Easy_75e889cd-deea-403c-a640-ddd451c297f7
55,55_Easy_26f9e125-e400-4656-affe-9b41e3c2d98d
55,55_Easy_c5486c53-ba98-460d-b1f7-219b06b5def3
55,55_Averge_6a855160-ebe5-4a25-a241-b3efa1af7d81
55,55_Averge_5a317f54-e0c0-486f-aacb-9e6a077e5b80
55,55_Averge_f2d9fb9c-5e4a-4a05-a431-d89f3c74f69f
55,55_Averge_db49a26c-0798-48ed-845e-14d0389b1132
55,55_Averge_2a74b556-705a-4594-b87e-80d036c657f5
55,55_Averge_5f4c320a-d7fe-4536-ad7b-b9078163c15f
55,55_Averge_20761887-8ce6-483b-8698-670b61be9156
55,55_Averge_3faa5270-56ce-4b0e-8392-6c335b5f1002
55,55_Averge_f1aed02c-ecb9-465c-abea-82d6c36073f1
55,55_Averge_318ed3b4-3df8-464e-be6b-edb6931fdd62
55,55_Averge_a15a7e60-ae47-4aa9-a8a2-a722f36f2f5c
55,55_Averge_3c671b1d-1c0a-4cad-a877-70111b44eda9
55,55_Averge_79bfc7c6-1467-41c1-a23d-51ca2f793a5e
55,55_Hard_979a3680-cddf-43fe-806d-f2222751ac2f
55,55_Hard_d9b3b6e1-b9a1-477c-b098-134ac96d2434
55,55_Hard_4adbb252-41a2-4719-9172-7702c879cfa0
55,55_Hard_8c58ffa5-71d6-481a-9b47-3d7bd23751f6
55,55_Hard_1dd521f8-8706-44ec-93a2-a96f2e24772c
55,55_Hard_e19b3036-7427-4576-b9ee-fe0216502e02
55,55_Hard_96142c8d-3d5f-4396-9b9a-602854e66f8e
68,68_Easy_f14f501b-b1c3-4881-9bc5-fa0c71bc48ac
68,68_Easy_ffa8e515-0564-4a3a-b5f0-521e83ad57e1
68,68_Easy_ca5933d5-8ee7-4f1a-a8bf-4a66ab527f1a
68,68_Easy_0c731ac7-990e-452b-be40-45a4e03b8384
68,68_Easy_9fdb95cd-212e-4aab-9ff7-4b18623f4a2e
68,68_Easy_6bde8504-db12-49c8-9852-c50bd8200e88
68,68_Easy_e6ac4a8d-b5f6-4cea-b584-82380bb83fe6
68,68_Easy_a1e16693-200c-465a-a690-7e22628951f5
68,68_Easy_0ddd5180-831f-4398-9867-fb5c8ec3f38e
68,68_Easy_44f8426a-f407-4aad-8c6b-37d4cf21b8dd
110,110_Easy_e58ee761-0afd-429e-bddf-46eca455254c
110,110_Easy_4d053a86-380c-48ed-9fa4-b299c1813957
110,110_Easy_1686f07c-7c0b-4f07-a1b9-ecc370d57076
110,110_Easy_f6962b1e-22fa-418a-a9b1-479648c56a23
110,110_Averge_15677b58-f401-407b-a689-6547549326df
110,110_Averge_2b3b8155-3042-4ab4-9ff8-83119122536b
110,110_Averge_eb8492cf-f3fd-4190-8880-64042644991e
110,110_Averge_6266a558-249c-4b77-b94b-6f638dd5e4bb
110,110_Averge_558aab05-bd0d-410a-bc85-a4fd001cd048
110,110_Averge_7c919f8e-e8cf-4894-958d-af3fb56ea09f
110,110_Averge_cd9b6532-edb9-40dc-9c3a-cb4906b96d01
110,110_Averge_29279d65-348a-4b27-bfdf-24caaebf28ca
110,110_Hard_139d90a8-762b-4063-8100-3b89bd3905b0
110,110_Hard_60540eaf-e0b1-470c-9525-4eaa5bd6f897
110,110_Hard_2bca3f95-495a-4255-a5fb-7b3cd55c16fd
110,110_Hard_9a02ccd0-0cc7-4f73-9fcb-6f502242454e
110,110_Hard_92c4850f-2bde-4fbe-8314-2f5c43769503
110,110_Hard_457234a7-ab49-4afb-8364-d2f1a07e807b
110,110_Hard_7afd9e54-0583-4598-bdac-7a6fc192f16c
59,59_Easy_bde6db82-c8ff-4812-b272-29187252ff8c
59,59_Easy_bf2ad8df-714f-4079-86df-6ae74c1b890d
59,59_Easy_c111e356-2efb-42a9-b433-06520ae7f767
59,59_Easy_2d61df78-7447-458a-a00d-d4330c84a263
59,59_Easy_13626b79-eabc-48cd-b4a5-8bd34720ffbc
59,59_Easy_f6b84813-edb1-429f-82ad-9700105192e8
59,59_Easy_eac0ca58-7a2a-490d-8abf-91dfc17e44da
59,59_Easy_5551833c-6ffa-4b9a-9af0-e98345a87925
59,59_Easy_58e671d4-c6fe-4e23-8fa6-765581d8b3be
59,59_Averge_e1bc9d6d-6558-44cc-9a6f-17a76f1e410e
59,59_Averge_5fc0b8e7-2ee9-4e0c-90f9-a5e624211322
60,60_Easy_a23b10dc-5b8a-4ba1-98d0-0b13a3836771
60,60_Easy_7bb7dd98-c70c-4f11-955a-223430c4288c
60,60_Easy_daa42b56-758e-49ba-a255-8d44e295a464
60,60_Easy_67513925-0e5f-4ad0-9f41-6662adeef150
60,60_Easy_cdbdcee7-7aa9-47fd-872e-946e9ba28274
60,60_Averge_fa7f362c-b7cc-4ddc-b54c-5a0b8887e7ba
60,60_Hard_f84b97c0-a72d-4c93-9dea-37eb32eb9ec7
60,60_Hard_e5784b77-e472-45ef-b951-8ad447863dbc
60,60_Hard_5ed62905-2823-423c-b311-c97c8c915ad4
60,60_Hard_72f9d33b-8b85-4ddc-b0e8-d878b42da4dd
62,62_Easy_953a4040-e27f-420b-96f5-19c062f8db69
62,62_Easy_36f65c2e-e646-4984-aa84-b7ce6a0c5fbf
62,62_Easy_97bc065c-1f47-47fc-a580-8a7756acbe5b
62,62_Easy_6befb108-f672-4452-810d-e1105e2100ef
62,62_Easy_57f71462-71e2-4f96-8b0d-12906ca6baa6
62,62_Easy_5241053e-41a4-459c-878f-537b0cfda723
62,62_Easy_5b46d840-48d8-4867-9542-5706bafa5b32
62,62_Easy_262e6a42-b6bc-40be-818f-ca427ff5ce7f
62,62_Averge_e4392ad4-0d1f-4478-b470-d465f7fac3c1
62,62_Averge_414c6034-d578-41f3-8083-e64b4bbec67f
62,62_Hard_6aa976e9-b6d3-4469-897d-4fc02112b4c8
66,66_Averge_03eee07f-abf9-4b96-b946-ad267eb1b39e
66,66_Averge_fea8890b-1123-4a8a-8b6c-2e513f913295
66,66_Averge_06fb544e-6941-48eb-9560-1ade188849d4
66,66_Averge_c4eda98b-3193-48b5-ac1f-425e92837f29
3,3_Easy_22931b97-578e-4f6d-9c89-c907cdd5302b
3,3_Easy_6cfdbf59-a65d-4552-9fd6-5e7c7e63576c
3,3_Easy_12b37552-78c6-467c-8528-127dc6a06c7d
3,3_Easy_d3fffaf1-7b42-4997-84c8-74d021388414
3,3_Easy_841c619b-7d95-4d5c-8c46-d429d222619e
3,3_Easy_939af9fd-726c-4bbb-826f-912dd418597b
3,3_Easy_c1cb5c9f-955a-44d5-bcbf-88490e1e4356
3,3_Easy_91b1b7f7-8e2a-4018-9213-a6b43a7f8fbb
3,3_Easy_f252a33c-fa54-42fc-b598-0e6e51835805
4,4_Easy_d494dccb-245f-43ab-ad5d-2a325b2a0f50
4,4_Easy_3f50ae23-510d-43da-bfcf-89c31500c617
4,4_Easy_16faa9a0-22ed-4e37-8625-84cbfb6ee5c6
4,4_Easy_37c6bf84-4270-43eb-bf0c-aec57807c658
4,4_Easy_0f6680cc-32ce-4a62-afdf-c412de83a880
4,4_Easy_caef3548-5c30-4a44-8e37-20034956bc8c
5,5_Easy_247ce2c0-1b9d-4951-9c16-50789069c865
5,5_Easy_b2366ebc-fdfe-4ab6-8bc4-4e9533969d1a
5,5_Easy_a0b9b28f-b936-4e0a-9cc9-142f303e242a
5,5_Easy_196e4be9-7b89-4216-b78f-527cff3331c3
5,5_Easy_c0589881-40d9-48ad-ad4c-c18d62fb0d15
5,5_Easy_d69ae221-9827-4f3c-b015-51a9e5569f4d
5,5_Easy_33502e30-48f6-45d3-93b4-43be5e76a71d
5,5_Easy_d75fbb51-2032-428b-87f5-0319d9abe26b
5,5_Easy_a18c2384-c1ae-4a9b-a0b7-44db11bd30e8
5,5_Easy_f44cbce6-d32e-4e5d-8832-31ddebeda890
5,5_Easy_0095d1eb-42e0-476d-ba86-d9d5cac3bffc
5,5_Easy_4bd129ac-5186-4a52-a30d-9a2d585ab8ed
5,5_Easy_8e4e2b09-b495-4002-8862-e625ca8ce7fe
5,5_Easy_f1a7ac32-2a51-4d3a-bed9-709ec0f58a20
5,5_Easy_34b46958-7827-4520-bbf8-6fc5da9f4550
5,5_Easy_ddf89906-590c-42dc-9a63-591128974ed7
9,9_Easy_88fcf7c5-43bc-43f3-8abc-9e3f0205e420
9,9_Easy_be97ae4e-23be-40ca-8959-2020babc8169
9,9_Easy_933d823a-5083-41e6-8d69-1ae2d6359ec9
9,9_Easy_b96adc89-eca4-48ba-b509-484b87c03ad5
9,9_Easy_89a10f9e-9611-4e25-ae96-4828765c21d7
9,9_Easy_fb4a6f82-1c85-4197-a803-38a951a8959e
9,9_Easy_43268502-f2d2-4399-b8c6-a1aa5f77108c
9,9_Easy_fd4f7ef2-5fb4-4d69-9996-4156842b955d
9,9_Easy_8b7b1665-b244-4b53-a0e3-af0b9c91d986
9,9_Easy_f28ba1bf-0b87-43db-a846-1ff109b24f20
13,13_Easy_bc0f7ac4-6d40-437b-91d9-5b5b33d72ea0
13,13_Easy_a7027ab4-d102-468f-8436-c071e8ef0190
13,13_Easy_72f2adf0-4855-4ae5-b993-0762c4f99c00
13,13_Easy_768d5600-fc28-4fed-824d-1bdd9dbc872f
13,13_Easy_10d1ccd4-827c-4f75-9d4c-1522052c3d61
13,13_Easy_f6ab7d8f-12eb-4825-9af9-d3d9e47f5b3e
13,13_Easy_9c15ad69-3206-412d-92b8-55df817e56ae
13,13_Easy_b1b52346-beea-41ed-aa84-b7285c2052f9
13,13_Easy_311c26f8-e623-40c0-9233-db923d5d5f56
13,13_Easy_972d0ed9-18c5-4499-8273-dd7d8e356f33
13,13_Easy_592f9742-13a8-484e-a581-aad41f1c3089
13,13_Easy_f9c189af-4372-4ae3-85c9-d9d1bcccf6c9
13,13_Easy_c75e474b-2956-420e-a603-0b686a25608b
13,13_Easy_4aaf53f9-2beb-4e45-a908-6f4a3e78c691
14,14_Easy_18799c5e-0553-4bf2-a2c3-e07d7a0bae82
14,14_Easy_99c98e10-1302-4dd0-9523-285b6e1a3342
14,14_Easy_67fb1aa0-3228-4d2a-8255-52d01e8b53e2
14,14_Easy_0bd93119-c6fc-41b6-b3fa-5d6a5488c2b9
14,14_Easy_1ed0dbbb-0827-461b-b64a-ca591e464ead
14,14_Easy_4a48584e-dd35-40af-9662-c2b53563e5a7
14,14_Easy_9ca73e9c-73a3-4f49-8b0e-a8a07c8fd063
16,16_Easy_34c83f81-987e-4223-8762-de812f074cbc
16,16_Easy_f643b263-d6ee-4ae3-addb-323497bbcdf9
16,16_Easy_8e36d706-d141-4333-a207-2a96460a457c
16,16_Easy_bc33ab03-ab83-47bc-925f-f9384bad1c64
16,16_Easy_1b025dbe-b5d3-4616-bf5e-73e611358c29
16,16_Easy_19b9d220-1ead-4f82-817b-c06d5abdb608
16,16_Easy_e7ccff84-c001-4550-b32d-bc9d39d934f5
16,16_Easy_0cd9322c-242a-4a2c-9eef-686014533061
16,16_Easy_12ab74f7-d923-45f0-9204-a874ac4434c8
16,16_Easy_5b6227b5-2be0-40f6-862b-e7ce0493aec7
16,16_Easy_e9624f8e-5d28-4788-a373-49bd7dceee2f
16,16_Easy_e109846e-fcb5-4311-9f22-69f6cdaac183
16,16_Easy_83f9e2bf-a925-4bb1-be2f-dbeb065ac63f
16,16_Easy_ff0af89e-cfd0-436b-9bb8-2cfc26f356ac
16,16_Easy_ae5b8afa-f788-41ba-a265-f54b518e9f51
16,16_Easy_0bbd78b4-6e40-414a-94d3-a4530baf808e
16,16_Easy_c6f00151-03cf-417f-8d90-3e4510e93cef
16,16_Easy_fb504f27-15d0-485a-add3-bf6f42fd3273
16,16_Easy_5a1918e0-437f-46d4-8630-cbd7eaf4a0d7
17,17_Easy_e0fd198c-68ea-4281-bdf8-00eed3d1ed6c
17,17_Easy_21569df8-eaed-4139-a256-8b3751a89541
17,17_Easy_e06169e9-a6e7-4b96-aad9-d31efb9f076a
17,17_Easy_44a213b9-0560-437e-8e15-d25d1b4267c5
17,17_Easy_b9e9fed6-1492-4bf7-b661-34cd10eae8c4
17,17_Easy_1e29ff33-5896-4420-9f3e-7fd2d50fd0e6
17,17_Easy_ef0191f0-c527-4f18-b6f2-cf7b7d736f65
17,17_Easy_e2b1a421-e352-46d2-abed-65d475da4bab
19,19_Easy_d8536012-6ec4-40b7-85ae-fe1edf3b0d7a
19,19_Easy_d3c02f53-c12f-4184-a89e-9de8cca82715
19,19_Easy_905202bd-e9b4-4967-9954-8ee88ae24a9e
19,19_Easy_721736a0-b516-4763-aba1-471651835e0c
19,19_Easy_07ccce0a-486d-48dd-be18-b78531dd1cf5
19,19_Easy_4a29c67f-ff18-45b3-a0ce-452b62796831
19,19_Easy_19639067-36df-4f1d-9744-2dcccbe16580
19,19_Easy_ba7b083e-88be-4337-a37d-81a1104455ba
19,19_Easy_02180b02-aca1-4126-9735-5c5def58021d
19,19_Easy_d35d1ab7-ac4a-4610-9d2d-da1db72634e0
21,21_Easy_ad0592f9-042c-4139-9129-85ba282dfc29
21,21_Easy_4d3a06e2-bff4-4d4c-819f-4f4633627ce9
21,21_Easy_36a0d96e-ae5c-478d-9c63-d69d236b005c
21,21_Easy_e6278d4f-0303-4254-ad88-2d9281e2eee1
21,21_Easy_241d4a31-3641-4027-bc3e-531432b11c22
21,21_Easy_6e3dae04-ece5-4460-ba8e-21f0d57d1c4a
21,21_Easy_afb9194e-f98b-4739-80bd-d4eb135e6e89
21,21_Easy_b9da2b3f-1341-4488-88d3-21bfb7cca7ec
21,21_Easy_e268de8e-3f74-4a7d-ba49-a18495181fda
21,21_Easy_68c2c81e-67c6-4f81-b9ff-30316f34a699
21,21_Easy_f31617e2-38ed-4513-ba3d-d629a80c23fd
21,21_Easy_32f1e985-140f-4bae-9434-827ebb0ab6fa
21,21_Easy_0ca60b4b-096d-4246-9a19-67e540592df3
21,21_Easy_3dfe8f45-285a-4eda-b2c1-549d15b26409
21,21_Easy_7d3dbb75-45b2-4a63-8366-200e7f9be9fe
21,21_Easy_86095be7-ec97-4a4c-b287-338832b1ed8f
21,21_Easy_85dac29e-80cf-403e-893e-6a25bdb3a0b8
22,22_Easy_e82227f5-ac4d-4052-b055-72ff221b41ad
22,22_Easy_74610f70-643d-4ba3-91dd-1b355092056c
22,22_Easy_5c502ab5-8f9d-4acf-b097-74ca4f4707d9
22,22_Easy_67d590ba-c82a-4e6d-aa2b-574a3304e1f2
22,22_Easy_97e6367a-7553-460c-b598-d635440ab5ed
22,22_Easy_d2f9fd41-87a1-4959-814b-01d211e9d3a1
22,22_Easy_05232849-dc2d-48e8-b03b-dc008d11f44f
22,22_Easy_c0b6374a-32a4-4145-8ce8-a2fc6b6df462
22,22_Easy_fd8ad573-856f-422c-9108-49dae3e8eae5
22,22_Easy_ac1f9b64-2221-4f37-8ee1-f5410a25ad85
22,22_Easy_beebe9f8-a741-4142-9af0-5ac67d1fbfdd
22,22_Easy_462b1377-d4f4-46ff-9b73-ac51dc55a721
22,22_Easy_bfd545a1-8824-4931-bbe9-4f0efe2c70d6
22,22_Easy_37ed52dc-d2cf-4e97-8d07-2c14e3978bb5
22,22_Easy_6e217c7c-1e26-48c7-a1d5-069c30060b48
22,22_Easy_6fd6fd93-e749-4589-a94f-bd4957b1288e
22,22_Easy_7eacaabf-fc02-4ae3-b960-5893b51fdf28
22,22_Easy_8d3c8073-98d9-4f71-b8fb-1a575aa37af8
22,22_Easy_a1c9bb19-ddae-4f90-b664-f056e626cfec
22,22_Easy_c64b8294-38ec-4ba4-8091-a16faa7f3b85
22,22_Easy_cf55d952-ddcd-49d5-aed7-413a919e933a
22,22_Easy_9c6c7b63-38f6-4231-9a38-6bc7b9143f91
22,22_Easy_2958ed15-a749-4d93-b899-b9856b5fc088
22,22_Easy_c97efdb6-f7b7-4505-af65-cf6eb9dc825e
22,22_Easy_399282c6-e823-4810-9650-2afa9758cc13
22,22_Easy_ee4e2fe6-12e4-432e-a8b6-624d352cfd75
22,22_Easy_47e8faa1-6c0a-44f0-a2ed-8d26faefb199
22,22_Easy_b36d5157-0545-4afc-a81f-0ca4ceb0d5cf
23,23_Easy_daf2338b-033e-4d00-80f5-88dba3e6f393
23,23_Easy_d3ff4cf7-751d-405f-86bf-3a6062b14e44
23,23_Easy_5c7c220b-b502-4baa-aa50-fd450a57ddd5
23,23_Easy_e1b932c2-22f6-4837-89f3-5cf0b88d9769
23,23_Easy_f39890a4-a08f-4939-ba42-427b0939b5fe
23,23_Easy_730a1de7-8637-4dda-9483-39f05320d476
23,23_Easy_22516a0a-0ad1-4638-a451-781aeccedb40
23,23_Easy_e9012708-205c-47a9-b9a5-64edaf71de7b
23,23_Easy_be18a6de-5fde-4cbc-aea2-d5de6ab7d95c
23,23_Easy_0bdd0067-e376-4a8b-ad78-b556b8d96b53
23,23_Easy_11df4a1b-d86b-4688-9e49-7ac06243795c
23,23_Easy_f9003630-3b29-447b-9deb-f3a72a5df79e
23,23_Easy_4fe02412-6e58-450b-9ff1-534051b5110c
23,23_Easy_99eff32b-dadf-49cc-a047-15a5cd04a010
23,23_Easy_82a67343-0a27-488c-8d25-37d9cd488d02
23,23_Easy_05a5a7d5-d862-4b5b-b4f8-ebd33e505042
23,23_Easy_78dab5ee-1b10-43f9-8771-a6eb77a791bd
23,23_Easy_d999edef-71e3-42b1-906e-ef02f2b49fcd
23,23_Easy_faf04664-793e-46db-b4b5-40bb9e5b1a7a
23,23_Easy_0642b651-0353-4351-bd0e-ca7b7f23d590
23,23_Easy_6be25d52-7a0b-48b4-baf0-d2e1a1d6ec94
23,23_Easy_d4aaa339-e7cd-49eb-a205-b78a1b0430b9
23,23_Easy_f03fceec-e621-402d-8ba8-e92cef3825db
23,23_Easy_1a03d396-4b55-4e01-8aee-5783fbbb79ae
24,24_Easy_c225e049-7af6-47c4-8baa-f9cea77169ab
24,24_Easy_35e162a1-77ff-47f1-a9ec-e45f1b7de93c
136,136_Easy_1a47da02-2b63-411e-b5fe-e14db867f75e
136,136_Easy_b579d03c-c316-4a74-b0d1-34dba3139137
136,136_Easy_ac0fa9b2-4ce0-441c-983f-2f4196c47545
136,136_Easy_2e3a8a8a-c3aa-49ff-a4bc-dc9346d067a1
136,136_Easy_89656b30-a337-47d2-958f-df9ddf44eff2
136,136_Easy_44b3d4fe-023f-4d97-ae59-89ab24756ce0
136,136_Easy_0afe38f1-3283-4193-ae1f-37813178535c
136,136_Easy_b49525c7-ed4c-4bc8-9f92-6dd91ba5796a
136,136_Easy_4f442825-e5f6-4f07-b620-5ba6853d7b7b
136,136_Easy_a8a4937e-af14-4111-b8a4-76c27674bdd2
136,136_Easy_f2f62f3a-7fc2-4b94-9c04-b7bfe6ba825b
136,136_Easy_5ddac06c-cda7-4641-932b-04d3573e7e62
136,136_Averge_189e5750-e2ec-4639-ba14-5735882fc9fd
136,136_Averge_ef0125e3-4296-4b3f-ab95-3b046d9c1fa8
136,136_Averge_fe616815-bda4-4afc-b3be-9c2afee6b91c
136,136_Averge_87bc2587-80f5-4034-9b2b-fb1cc7507017
136,136_Averge_fd75e094-013e-43ee-8258-dd394d430ad3
136,136_Averge_6b79a217-7a00-4847-babd-e9c49831b62d
136,136_Averge_1931d426-bba6-4ebe-a0db-34bd08efc4ed
136,136_Averge_b898de34-ea13-4bf7-ae2f-a0b1c8031526
136,136_Averge_898d385a-21cc-490e-a91f-9acdb57fe38a
136,136_Averge_e6191e56-1fc7-4266-b8a2-c83160b71ad8
136,136_Averge_343f89c0-dda9-425b-857a-70a4308b42d7
136,136_Averge_5e46e3af-fb32-4b9f-80f3-e76a7bb45d73
136,136_Hard_5372bdf3-f130-40f6-937d-083db83d11d8
168,168_Easy_9dd5d906-c84a-47d6-9512-6099d1b18248
168,168_Easy_4b5f2952-c047-4e83-99b3-417c5b4ae3c8
168,168_Easy_8fa8d900-0d49-48f8-a3bf-1084d17b397f
168,168_Averge_a31cc218-3db1-4a4e-ba79-b6c2d104af06
168,168_Averge_861470bb-9e9d-4c11-a9b0-72a0db0a5c96
168,168_Averge_1fa73687-8503-4c33-9bc4-cd02c294cbce
168,168_Averge_aa930bde-adc7-4848-b16a-c29e5a50746e
168,168_Averge_b8207d7d-5dbe-4963-89a8-8e23d9786eb8
168,168_Averge_9e419f05-95e5-4abd-94fa-6c0ae253b221
168,168_Averge_24dab95f-7e60-44ec-b520-32e5518159ef
106,106_Easy_b6123d58-b506-4f33-85f3-f03eb938cf12
168,168_Averge_c7099327-51b9-421f-b6dc-d08713557aa5
168,168_Averge_1f6a80ae-51c6-4fce-8ac9-9b40d909c707
106,106_Easy_1ffb1ba1-01b3-4ff2-8daa-cf19f650199b
106,106_Easy_e61cd456-6d31-4d8f-afae-5883cc2c393d
106,106_Easy_79e751c1-b7aa-4ec7-b53c-e73f7bbef2cd
106,106_Easy_0f8a7209-b353-415c-9fe2-2468fd138220
169,169_Easy_4e33d4f8-ed93-4848-afe4-5360f496a1b4
106,106_Easy_12558e65-d7fa-454d-98a6-9f3861f085a9
169,169_Easy_0b47d6bb-43d8-4774-ba12-f7baeaa0b0ca
106,106_Easy_e75a3094-4467-4d79-b189-e76268b205fa
106,106_Easy_ac61c6cf-9b49-4851-8a1e-50d1e303829c
169,169_Easy_b7eafa71-1491-4e1c-9e03-0ce16794b8f9
169,169_Easy_cecece13-38f7-4ec0-90a0-980f4772675d
169,169_Averge_b182993a-c6fb-4644-bcc4-44028a6cd7b2
106,106_Averge_59ab68a8-0ad3-4ba7-b286-1e8bf441fec1
169,169_Averge_f2c4b678-28d5-41bd-bb20-f62295d34913
106,106_Averge_fee78444-a7a3-4fa9-994b-8ee4af74744c
169,169_Averge_756641ce-0983-4989-926d-d72c8ab3d199
169,169_Averge_6a9f9c89-1dfc-45e4-b8cd-152e2d158aa4
106,106_Averge_67a810bd-596e-4e23-bb71-beb32b573f20
169,169_Averge_f72b27be-675f-4097-8324-d3fa48ad009b
106,106_Averge_fee37e4c-b33a-403b-848e-7f1919aa11ad
169,169_Averge_e30d510e-0095-45c5-8ffd-45e8d1be3741
171,171_Averge_c68be41e-8836-47ef-a030-0ed385f34bd3
171,171_Averge_3e01cb37-f287-4555-ac22-824f490cd7e1
171,171_Averge_c6da6504-0c0d-46d2-94d7-be545a0651b1
106,106_Averge_0bb74473-3533-4fc3-80f1-c6dcdb4b6d4b
106,106_Averge_cfb3d161-befc-4fe3-b3eb-b5ed8b3d957a
106,106_Averge_52164e6b-c4dc-4d36-a2a8-4126549843ae
172,172_Hard_181d3c5d-884c-443a-8b6d-eec527558254
174,174_Averge_b3d804d6-ff43-4f18-83d5-34f8a30d9c5f
107,107_Easy_3ec3184f-9e2e-43df-a13f-3dbde396733f
174,174_Averge_cb5797d2-cb01-48e0-95f5-0d9e8463be6a
107,107_Easy_b1ffff76-ce89-4583-91b5-bf80aa723927
174,174_Averge_5d1fa5c7-843d-47d6-9183-f00260f30588
107,107_Easy_d03b1ff9-30ef-4ea1-9946-e58b91a882f1
107,107_Easy_9ecf62e1-f995-45a2-a8b2-133bf32657e6
107,107_Easy_f9bb3652-1a2d-4489-ad0a-3ada11deaa0d
107,107_Easy_9e9645a4-13dc-44a2-9965-cfb203ec9a74
107,107_Easy_fb0ad537-33f0-43ef-a60a-d61a0abc911f
175,175_Averge_262865ff-c8fb-4daf-9583-535469446fd7
107,107_Easy_094ed519-f9a5-4824-87cb-899849162738
175,175_Averge_fa365139-87ba-47c0-9a18-29005800be7e
175,175_Averge_9e4c2b4e-a713-4e34-ab20-1b8e2c8d2d1c
107,107_Easy_fa467b92-bdf7-4362-8c7e-528b0b885b47
175,175_Averge_ed5bb5f2-0a73-4b4c-95eb-bba8b2ff4cf1
107,107_Easy_b04b48f9-f729-4078-8472-fb428b3dca28
175,175_Averge_e722d427-3f16-4d8d-8efb-41f4251a0ae8
175,175_Averge_be6eeeb5-b562-42c3-94d0-912d4dc3cc5b
107,107_Averge_fb675437-28b3-4dc4-80f2-ee7a066900ca
175,175_Averge_aa453041-bfd3-4154-8a13-f71d13a14628
107,107_Averge_10283ff0-8bfd-465b-9579-cc7ca60fc602
107,107_Averge_76d9d4db-68d0-4a70-85f0-f1e6df37cb5f
107,107_Averge_4bdb553a-f124-4152-b905-d3f0f1ac96b3
139,139_Easy_2346bb6f-c529-4a91-b7f6-0ef020468f29
139,139_Easy_ab11444a-f254-48b6-abdb-e93e7e117c77
139,139_Easy_a8eaa660-3ada-40a0-82d1-47889b4dbfd0
107,107_Hard_e29c09e7-7c6d-49cb-810b-236a955b7f26
139,139_Easy_1e4976fd-0c8e-4d2f-8a0c-4f0efe22a97c
139,139_Easy_b2b8b45f-4612-4a95-9df4-0bf0b7f9a179
139,139_Easy_f09cee60-ee71-41ea-9f7a-816012fa60d9
109,109_Easy_66ca5c50-8c9f-4bd7-af57-00904a156e70
109,109_Easy_f2f90696-4ca4-4970-83f6-ddac1806d284
139,139_Averge_0b28b479-3bbe-461a-bcdd-db8e6c601d51
139,139_Averge_5896780d-6d30-485e-ae2b-bcf01ecca992
139,139_Averge_4f23ca40-f4af-4759-b778-96f2a78c2f17
109,109_Averge_668e93e0-a257-46ef-b992-23bd17ff9d2d
139,139_Averge_3d6262aa-3df1-4b9d-8681-5f7a248b382b
109,109_Averge_7cd4dbf1-3f97-44e6-a7a3-8686584db135
109,109_Averge_3c703b69-288a-48ad-a404-96aa09e03da4
109,109_Hard_2bfedeee-2fac-4429-aea7-b2926f7bc0df
141,141_Easy_35f84fd7-c693-493c-9f05-a242c20140db
141,141_Easy_fce8a6a3-8c33-4c08-829a-29034ec49995
141,141_Easy_93eb6b48-2274-465e-843e-8a817254fbfd
141,141_Easy_47293890-5d72-49c8-ba30-86a0cbff087d
113,113_Easy_01d9099d-c62c-4b73-9de8-43677ddd090a
141,141_Averge_7739e430-4480-4bc3-bea2-67d17629246f
113,113_Easy_7e52e81a-3954-41cc-b176-402fd42156f8
141,141_Averge_80a04f4a-1f04-441b-b557-032073f3a315
113,113_Easy_0f540cb9-e524-427c-bcc0-7518aad2a21d
141,141_Averge_1f83ec7b-c558-47f2-981c-895dbd434664
141,141_Averge_18b8a467-c246-4105-b368-77d2d399fb7b
113,113_Easy_d1f8d958-0d11-44d2-a38b-325b72b8b8f3
113,113_Easy_145b2a30-4508-4ada-9d8e-82777dfb31a6
113,113_Easy_8cf5c892-b480-4f71-a738-7b6c705d2a70
142,142_Easy_218f83d3-d902-4cab-905a-b9d10630ece9
142,142_Easy_bbcbebad-1c9c-4c3f-a4fe-53cd56f84d76
113,113_Averge_22e81e7c-8f25-456a-9709-f210b11a1cdd
142,142_Easy_9a437e1d-03e8-4d44-8bc4-ed975b9e1629
113,113_Averge_ebd35906-cc6b-48c5-97f5-95cf6778e238
142,142_Easy_946c6304-5ee1-467e-aaab-ba3fc2a35a0b
113,113_Averge_c9e1f7c5-26d5-4ff7-8f4c-becdb7e47786
142,142_Easy_053b7ddc-7cc1-49c3-9a4a-501f5ddb6667
113,113_Averge_db528b37-4716-469a-9e78-cb29aa3ced55
142,142_Easy_07455ac8-7f25-44c9-b7e0-7be4bcde4401
113,113_Averge_7d4ec271-357f-44d6-aaa9-ecf6c7809720
142,142_Easy_97929632-830d-4e3e-865a-6b8f55a7bdd4
113,113_Averge_2a24407e-2a22-4267-90f9-94c1c7a6de62
113,113_Averge_7081eb45-e504-4a42-bfd6-55bc0bf2fe97
142,142_Averge_b994e280-70bb-4e94-a87f-b031b00db95d
142,142_Averge_e4179a64-0dd9-4dbe-9b8c-5171435facdc
142,142_Averge_00684667-5911-4e0f-9737-51718197caaa
142,142_Averge_a1db3485-b2ba-4f83-9bbe-3b175e56c2c1
113,113_Easy_0757d19c-dcd9-4c45-930d-0c9611a519cc
142,142_Averge_cd39a275-7cde-4736-b6b6-c356c5ebd2d6
142,142_Averge_b59c844e-c4c5-44ec-af99-9a01fe612b5e
113,113_Easy_35e11887-ece1-4a15-b043-499c8ae96bd0
113,113_Easy_6e153420-bfa8-4c7b-8635-22b66c572b41
142,142_Averge_07eebb3a-114e-4499-97c6-5a6983bfa774
142,142_Averge_b4b5ef0b-6114-41ed-bcc1-97df1a9b8e8c
113,113_Easy_9a1c4bb0-e156-4f44-8f1a-1790835ac2aa
142,142_Averge_c7638dd7-ec7f-49f9-b200-b0bd7f7b519a
113,113_Easy_70c95a08-c8c8-4eba-92be-8ef87e5fdb39
142,142_Averge_2c34ada1-d9ed-46e5-af4b-07925f9704ec
113,113_Easy_c9990f83-5ba5-459b-8787-13f6afa82877
142,142_Averge_6846019b-d28e-4329-9141-ed909c1cc1f9
113,113_Easy_c727cfff-af13-4eef-91c3-fa6d9d832e6a
142,142_Averge_8586d794-e09e-4838-8c06-fd7f0c707137
142,142_Averge_cf0f3a82-cb87-4183-ad7f-dab979edcbd2
142,142_Averge_cd15cebf-5f8b-4ef3-b9d1-ec75b471317b
113,113_Averge_f16d2bbe-9030-4a95-bfd8-4653f1d1d130
142,142_Averge_be3b476a-480a-468f-90e0-f85c8e218701
142,142_Averge_4ccc00f1-bed7-4bd6-8941-480906ce8f30
113,113_Averge_f447e76b-101b-4fc6-ac3f-195357f90dd8
113,113_Averge_a4d6d090-62c6-460a-a661-2751b125f0ae
113,113_Averge_07b46245-c56a-4d6a-b99a-1c655b5410da
113,113_Averge_df1270e7-7639-4087-8ebf-5b4a36bc397b
113,113_Averge_3e306416-bb70-4639-8570-04c9dc28b8f6
143,143_Averge_c3bafc8f-0523-4efd-96f3-54455e4e0d5c
143,143_Averge_f3f8dc6d-a9c7-4478-8fe1-f1a52432e43b
143,143_Averge_daa83ef9-3cb6-43d8-ad56-bb2ad9c489b4
143,143_Averge_2cd3adf4-8682-475d-8a27-c12928bd0abb
143,143_Averge_73f72982-99e3-4201-a098-07232ea69b62
143,143_Averge_914091ef-0c3c-483c-ad31-c9b0a05c4eee
143,143_Averge_d64f196b-e0b6-4696-8447-7d2d37a6867a
143,143_Averge_8ffb783d-80da-48bf-ac86-5bd884da9a79
113,113_Averge_3f863d30-adf9-40c1-9cca-db5e38f5eb3a
147,147_Easy_a982c7c8-4b12-47b6-aa34-b250ad8cee68
113,113_Averge_7486d69f-b251-4d79-898a-02cd95b142bb
147,147_Averge_fb4d790b-f5a1-4502-a08b-be7acfe847c6
147,147_Averge_5d0ecab7-5644-4845-a81c-29cbd17ec63d
113,113_Averge_a5df6aa5-f131-4e75-8dd0-4c92281e712e
113,113_Averge_a2fee219-b66e-4952-83e4-57b1487db65d
147,147_Hard_745cfc1b-8c7b-4a03-9fbf-c5f8ed2e9653
147,147_Hard_67351267-5f62-4bea-87d5-37ca443bf981
156,156_Averge_70e84f34-597c-47ac-8cab-4e4fca8858d4
156,156_Averge_843b88e4-5f7d-4767-b65b-3207c4417698
116,116_Averge_e5749d70-32f9-479a-807d-2425bc5df977
156,156_Averge_e7b7527e-74a0-4521-b277-d25cc1f63ed1
156,156_Hard_c9b5a73e-fe01-496c-ac88-fee086fecb66
157,157_Easy_64f1f650-5fae-4954-a5f7-307885ac7604
116,116_Averge_1f483be9-c6fb-4ed3-a282-642c2c444ad0
116,116_Averge_56de12bf-4461-4629-a44a-878b9d193345
157,157_Averge_69308590-8a63-4baa-a87d-07aa276998e9
116,116_Averge_c1853bfc-f639-4160-a9ff-8eb7e62d378c
116,116_Averge_6f13ad5f-f81f-4879-a956-f37ee59b5965
157,157_Averge_dc8a3faa-f59c-4a4e-9afc-8e13f9a9da3e
116,116_Averge_81af3ec0-dfed-47c8-acee-c69d7e292b8d
116,116_Averge_764e3dc6-1940-4a9b-9014-77c158100421
157,157_Averge_c71f2c6b-d1be-4632-9305-b439d172c20a
157,157_Averge_027a9ed7-5da7-4bda-8778-a592eb8b410d
116,116_Averge_e9c1451d-c32e-4add-a599-16d7cb3b009f
157,157_Averge_ea330521-6bd7-4ee6-ade8-02a132821686
157,157_Averge_173df4c6-1101-452a-b707-9af6f9ad3593
116,116_Averge_e439a2a6-1c48-4b8f-b47d-4cc9fd229a9d
157,157_Averge_df87e76b-5cca-4e41-9db8-729f5ebefdb9
116,116_Averge_fc8665a3-f836-48df-a4b6-fcf5082ec028
157,157_Averge_78e6a40b-4f67-4750-9d3e-da8104fa90e3
116,116_Averge_bfc16632-e046-4b85-b7d5-9002dafda9ab
157,157_Averge_2042511c-a503-487d-9987-96a96c230403
116,116_Averge_9515a491-8615-4786-a2ea-1e9f7a86d8e5
116,116_Averge_3688923a-afc0-4f11-905a-411d24404875
116,116_Hard_ded23f78-5f2d-40a7-8777-f7855e66d8c3
158,158_Averge_7abd26c0-68a2-47c2-b862-1c6b1029c72b
158,158_Averge_e67c66eb-29a5-4f1e-8905-28be168ca632
158,158_Averge_40d97123-fd53-4787-ad1b-7920e3de331b
158,158_Averge_b2b6eb0a-8fad-4ed2-a4d4-c614ea41693a
117,117_Easy_1753281f-0b31-4954-827d-6b5df49bfdc9
158,158_Averge_3679128c-9847-482a-8680-beeb2ab96343
117,117_Easy_ef14cd71-bbe5-4f81-a034-3ac96cb4c6f9
158,158_Averge_a394b96a-3c82-4657-b9db-44a6c107ba21
158,158_Averge_b1635571-961f-4152-a641-2262da291fe0
117,117_Averge_a1584f9b-1aca-47ce-9498-4d2a5f7ad34d
158,158_Averge_d7ea100a-77d5-419e-a5af-49e3a83f602c
117,117_Averge_0547c3a7-b466-4197-9226-f91424e4b3e9
158,158_Averge_cb3cd8ec-a261-4d00-be3f-5b15cc8f2808
158,158_Averge_1bbe683d-b589-4e3e-82bc-c0d63588fee9
117,117_Averge_7c1835d8-fdf4-47ca-bc56-f35655653b26
158,158_Averge_82b5abc0-bc65-4409-a804-ab59633a4e2e
117,117_Averge_e2368ad3-1557-4c06-9432-510974e1d3ef
158,158_Averge_2da3313a-0d46-422e-8f3b-0cf19d1085e5
117,117_Averge_95f9a356-2e4d-47b9-b030-b63b9313dc7a
158,158_Averge_483c6cd4-377e-489b-b1c6-d1268691e55f
158,158_Averge_11b3e982-3108-4834-8a9f-ff0fc52e1ec7
117,117_Averge_1a1c7628-7742-4cf0-97f3-ed5493b180fe
158,158_Averge_d4020256-4256-4ef7-bf49-38f903ee92b3
117,117_Averge_1b53a9ae-2563-43c6-a6c2-21f21f5e011f
117,117_Averge_956eb7d2-9693-4939-8c93-9be575a2c0e0
158,158_Hard_a093fe03-45d4-41f7-9b6a-0b469f8d7bd1
117,117_Averge_e727750d-9267-440f-aeb9-fdfa1f5aaed8
117,117_Averge_33212d4b-3543-4224-9a61-78de9b31f85b
117,117_Averge_f3108d73-6bdd-4d91-94d3-119b26bd1cd4
162,162_Easy_0bdfef76-ec6d-436c-b277-d0ef492ff30d
162,162_Easy_a0bf4187-85e3-4451-b1c5-b8229a27fde8
162,162_Easy_51ffbc9f-03b4-4de5-a8f8-8fb0dcad6b84
162,162_Easy_c738636c-e4e1-4d3a-99b7-5b8c09513069
162,162_Averge_b11f629a-9ca2-439c-b974-a0ad35ef52f0
162,162_Averge_5d276db6-9b0e-469c-b7ab-eb4465c6a360
162,162_Averge_f795db44-b8ef-4b56-b569-0974fdc7c738
162,162_Averge_289626d1-1a4a-4c47-870f-72029a6352fb
162,162_Averge_c5c07800-3529-41be-bbdf-07ec934be9a2
163,163_Easy_e655ebed-2b0c-4302-ad9b-b34f6f545fdf
163,163_Easy_30734db7-cc9a-47f8-a0d7-216003000c73
163,163_Easy_6e3328c6-4827-482c-aa55-90ded0be5f60
163,163_Averge_12afbd19-38b3-47f3-9650-2722686ce013
163,163_Averge_eeb1ffc4-2c41-4c06-a87b-1c33acf83c69
163,163_Averge_c2e33020-c11a-4c2a-ba85-a5e7f35f3eec
163,163_Averge_38ce0224-4c89-4745-b720-c8fad4fc0a35
163,163_Averge_1956e6df-3313-486c-b2ae-5d0094a6b23c
163,163_Averge_d2da0c69-a396-4efb-bad5-b27ef5e5cc2c
163,163_Averge_388283df-110e-4208-b92f-804fade26e7a
163,163_Averge_b1251408-2c65-4c05-8376-1f5387f89c12
163,163_Averge_f20b5b90-5d44-45de-b957-6c48b63e8a3c
164,164_Averge_535a2338-546f-4ab1-91d7-206265a992f7
165,165_Averge_603b874f-7578-48c6-8cc3-c893e0269ce1
165,165_Averge_4b3486f0-07e8-4267-a41d-bc93c6ca09b0
165,165_Averge_9b205a78-9c59-46ee-811f-8d6ead3aca69
165,165_Averge_92baa380-424a-48e1-9de6-182afae32267
165,165_Averge_74bd09c1-8781-49b8-b313-e3a8c0c68267
165,165_Averge_2e7c0b05-0684-45b7-bf9a-3ef525a891b3
165,165_Averge_fb730ac4-3ca2-46d4-bdb4-5ef0b26bd355
165,165_Averge_73f59d6a-4098-48c9-9d1e-4d1de3854f92
165,165_Averge_778e6d29-c642-4180-afe4-860ec03a09d2
165,165_Averge_73f197fe-9000-43fd-890f-f746b3424c47
124,124_Easy_2f7cf8ba-aabf-4f22-b9a4-da0f3f7d4426
124,124_Easy_eb6affa8-8dcb-4358-8875-0d4ee16c250c
124,124_Easy_71382786-78d2-4753-91a9-e517f874560c
124,124_Easy_f45e22f7-5a74-4b20-b15c-4d239ba34a18
124,124_Easy_fab93440-c053-4b35-8b3e-dd1750d74c66
124,124_Easy_b50ec76a-31d2-4a31-8748-c9f894445212
124,124_Easy_c9393d91-1ccf-4fa0-9630-bb05d75df364
124,124_Easy_8dedab5d-2844-4197-8354-a48fd434e9b2
124,124_Easy_a56c7f1e-9bf3-4642-8845-0cdd8ffa88be
124,124_Easy_f19c83f2-62c0-4a88-9d4f-a9a69ddd2f68
124,124_Easy_6c0872c3-28ee-45b1-b5d1-efcff7806131
124,124_Easy_2054e4d1-37e4-4b66-8a5e-fbf3fa6b41a0
124,124_Averge_761d04b0-3bb1-46fa-8038-6faff529a324
124,124_Averge_c195a355-c4bd-498b-84f3-1902a997e14d
124,124_Averge_a50d03bf-7a0b-4958-b8de-0ebbebea2e94
124,124_Averge_7148073c-be5a-4c2e-933a-f9c80950e13e
124,124_Averge_cae5ad56-78b7-4780-8b0d-90f93bb64095
124,124_Averge_52cef5cf-09b6-404f-93cc-cbad1af37d32
124,124_Averge_3ea3f441-4e4f-4a2f-84ac-2be8b843c7a3
124,124_Averge_f02f9c53-b759-440a-94b5-c23b1fcaa5ca
124,124_Averge_bdfa09a4-49c7-47c9-ae2b-6ba8f11d9e62
124,124_Averge_58f6a8f9-bdfb-4d3d-b4ef-765a91c496ce
124,124_Averge_e4ecbe0e-a363-4b2a-a15f-d9f775847687
124,124_Averge_35bae1b6-04e9-45f9-8f2b-0b93c43db97c
124,124_Averge_446c6267-c431-41a4-9fe7-30f009238d4f
130,130_Easy_b6588a3c-db77-451e-8364-0e7e1bc8df58
130,130_Easy_65086bfb-357e-44fb-a72b-c294ce095342
130,130_Easy_218740a6-3450-416e-bac5-a768bbc04a14
130,130_Easy_51a7f3a1-696f-4598-a02d-049e18286e1c
130,130_Easy_e3d194ee-f563-4da7-a6a0-638bb01e2f1d
130,130_Averge_2c5e530f-cb4d-43cd-a74b-cb0c6035ef26
130,130_Averge_181af398-47d6-48c5-96b8-2e544d3d2ac0
130,130_Averge_a80caf98-5147-4d87-8e00-8759a8f2e7dc
130,130_Averge_69c94678-a9c8-4dd4-a01d-21d1695c20a9
130,130_Averge_c6a38eca-b5b5-4167-b62e-6d7ef5b9a31b
130,130_Averge_107db4aa-55f3-4250-afa4-db3bcd70f988
130,130_Averge_877fb17f-c49d-4e89-b14f-1253da1bbf7a
130,130_Averge_46caafda-f3fa-4090-b3ef-49def2fe3dd8
130,130_Averge_c912c3a8-738a-4177-89f4-dc9a21b2bbc4
130,130_Averge_b3335817-b4e3-4bd4-91f8-2103d1d11075
129,129_Averge_b18c6343-ac0f-40b3-aca2-fde13ca78fcf
129,129_Averge_8921cc20-0fc9-4cc7-baec-3f9f2c67787a
129,129_Averge_ab36f3a5-3a21-4ccf-8e17-9072ddf3de09
71,71_Easy_b1340e4a-8f8a-4ace-a5c9-4819502694ae
71,71_Easy_d3f31c4c-8e1e-4397-900a-baea6bd8f1d1
71,71_Easy_8917ef79-d591-45e7-b032-f391b558d567
71,71_Easy_290910b4-1c50-4860-968c-c961ca83d826
71,71_Easy_7c09fd31-6a7f-41c7-92d8-21d69528f469
71,71_Easy_f7a88ef7-9580-42b9-91d9-fe8134362a6f
71,71_Easy_bcae0d31-a907-45ed-bbc8-13aa9f7d57a3
71,71_Averge_eb8d513b-d7af-42b3-8939-893235010602
71,71_Averge_b45e55b7-9b12-4a18-a9c2-82a988cf0433
71,71_Averge_4305823a-f559-430c-94ac-0ddae1ecf2f5
71,71_Averge_93ea3726-37b2-4c77-bbc0-44d3ee6424a0
71,71_Averge_9ebd9648-0fd1-42d8-8413-0543f40b94ea
71,71_Averge_f2ae3d74-9e17-4b9c-ae86-1b2f2b839d87
71,71_Averge_86a0b9c3-477d-491c-b6db-c5ec464a2388
71,71_Averge_b135a5fe-5c1c-4f75-85e8-9e4c5ac60dad
71,71_Hard_5e4aceab-8d80-4b17-b76f-d853d4a48075
71,71_Hard_a9952819-aed4-447b-a541-9deca80872ff
71,71_Hard_ee9d65be-072c-494f-b84b-9183532961fa
75,75_Easy_686ce375-2493-4a2f-b59f-201c8648a81e
75,75_Easy_ab898c45-200a-465b-8b90-41f172f61e37
75,75_Easy_86842740-1232-40b5-8cbf-3684c3410e6e
75,75_Easy_c60d6ff7-58c8-4a8a-a90d-65b20c0e87cd
75,75_Easy_42f8958d-44d2-4f3c-8d80-a8af23d97410
75,75_Averge_093591dc-9ece-456b-89a6-e3becee14d1c
75,75_Averge_dca8eeef-50dd-4522-9429-963e95bcca45
75,75_Averge_a6bb9213-28cf-402c-bc4a-7ace135a52cf
75,75_Averge_aa044507-6548-4416-985a-09486305dee4
76,76_Averge_c9da1344-7dde-4d81-9324-e13d6279b0ba
77,77_Averge_9fd1e35c-80cd-400e-a2da-d54125412547
77,77_Averge_cdb336a0-f5b9-4581-ab8e-9b7a7be1e1ef
77,77_Averge_6e341c53-6894-4912-8bc3-d8a0d5276aa1
78,78_Easy_0cd72d49-251e-4b2c-8528-8f7fe92f61c5
78,78_Easy_977d9283-d545-4e03-8440-3033afc31bbb
78,78_Easy_c6d0416d-9a62-4855-9938-321575d6a39e
78,78_Easy_3206abdc-88ac-4090-83f4-728519d6a064
78,78_Easy_c235b84a-a260-4450-afef-d9e471790b40
78,78_Easy_23ab1c90-d51f-4a3b-b2be-b94fb67fb466
78,78_Easy_1368578a-7c7d-45d7-9feb-bbb86d3080e1
78,78_Averge_c0ed3f39-4d15-455b-bef6-3830f238b6ef
78,78_Averge_d138a0e4-d2ac-4b8b-a459-7cd83d20424f
78,78_Averge_417459cd-62bb-48b2-8b28-119497c638b5
78,78_Averge_e5931a99-18b7-42ba-b759-95aded6eaac3
78,78_Averge_607b42b9-a716-4d3f-8ad1-46a295983ef3
78,78_Averge_8a93a3a5-94a0-4cfd-b612-b44f8579e46f
78,78_Averge_78847e23-6f3e-4765-8056-9b0a5f4138c9
78,78_Hard_db100182-899e-450c-8ab6-b999571246d1
84,84_Easy_258a7f91-4533-4390-9497-56fedf203396
84,84_Easy_adb70912-2358-4b74-bc9a-96338553adbe
84,84_Easy_c6cfab28-c4b0-402d-b304-223130a1dec8
84,84_Easy_cbe0f130-9058-4f61-b366-d6260b0f5477
84,84_Easy_2abf06b0-fb17-46d2-a68d-bbd9cd94b6dd
84,84_Easy_9bc9a0bc-c694-4fca-bf57-cf0562682407
84,84_Averge_6d9d9278-ab6b-4efc-9774-76a94f0297dd
84,84_Averge_63d221b4-3a48-419f-a27c-199d1e039fa6
84,84_Averge_7736470e-87e6-4b56-bbc8-2241d1e5e250
84,84_Averge_09caef2d-c2e6-4c99-bbc5-3a9c7a3eb13e
85,85_Easy_693b4514-781a-4300-95d7-d177c4fcc117
85,85_Easy_6313adde-08fa-4352-ba5d-344de9b4da1d
85,85_Averge_72bba690-33c8-4d84-9d97-9a90d18591af
85,85_Averge_d568a9e5-6855-4673-87f2-2bd40e9f5f13
85,85_Averge_d8916f88-3d20-4f56-b63b-35565ae3557f
85,85_Averge_04f7bae0-90c5-4c8d-932a-161be1d555eb
85,85_Averge_80b5a014-e1b1-4166-a016-0e0046e44460
85,85_Averge_52cab3f7-a765-4409-af93-0ae2b902730f
85,85_Averge_1c88ab71-cdef-4e35-ad02-aa3ef2cd0da3
85,85_Averge_566632ae-99bd-429a-9616-e82797e8659e
85,85_Averge_b2fd67bd-9f8c-4220-ae0b-93e14f611d29
85,85_Averge_6d1c5716-56f0-46cb-831e-07b5714a89cc
85,85_Averge_2205c26f-9094-40a9-9239-9fcb07c93170
86,86_Averge_4481e4b3-5cd0-4f0d-b8d8-ddc3a7f00fef
86,86_Averge_f55d50dd-0640-419d-af77-d55543aabd45
86,86_Averge_96b3ed14-7dff-42ee-baba-fa5af8f37e25
88,88_Easy_89f93ec6-1709-4822-ae3a-570692c06e90
88,88_Easy_12c9c130-18cd-45a6-a6a0-44cb9d05c7fe
88,88_Easy_ea3d7f9d-c900-4a33-aaa8-2ad224cd703c
88,88_Easy_21bf3b8e-ceba-4afe-9628-1a5b8dcfc187
88,88_Averge_78060bf7-52ca-42f0-8b4b-80dc998f064b
88,88_Averge_e4ba2cc6-f8c3-427d-8e4d-c749340d5056
88,88_Averge_8c918ad4-0e9f-455f-85ca-02c901c8df95
88,88_Averge_ba9185f7-1654-481f-996c-c0ae7c61a546
88,88_Averge_c374eace-be28-46cf-bdfd-42fa4b533d25
88,88_Averge_8d41cfd6-6b27-4e1a-89d3-2ecf6984a202
88,88_Averge_81cd003d-48c7-46d1-99e9-c94d5c90d315
88,88_Averge_d80fa792-8597-44bf-8320-2b49b3fbed68
88,88_Hard_83ed0769-029d-4a13-ae2d-4b2f78fd432c
88,88_Hard_dc6153e5-0a54-4f3d-bfc6-9d6a3b3f3999
89,89_Easy_09cc2332-b547-4d3b-a519-e0321b3ea704
89,89_Easy_e188ed78-c061-4d81-ba11-ccd0b73297b3
89,89_Easy_0268726c-030c-4a4f-bd87-ec973f0a3ddc
89,89_Easy_711bd0fd-341c-4fc1-b7f0-dca5fe2e037f
89,89_Easy_8043edfd-e79d-4669-bfd2-02b4e85c570c
89,89_Averge_2ab8badd-080b-4f49-86e0-44545bdba5a5
89,89_Averge_408b26d0-d5d5-4a1e-a0a6-68e8fbde681c
89,89_Hard_60f32c64-3664-4567-871f-e69cfa9f5256
90,90_Easy_5516cf9b-6ca1-4999-ae5b-e2da122815d0
90,90_Easy_cc92daad-40c7-40c5-bfd5-7d3ddf864628
90,90_Easy_b4e15db1-a957-4025-8744-376c9fd58ac0
90,90_Easy_2499cdf5-db79-4612-a22b-5a232753a9fd
90,90_Easy_07323676-d287-4ed3-ad32-770bba4c8529
90,90_Easy_6e00a768-cc46-4bae-b843-fd2c7c506bf4
90,90_Easy_7b674d41-4f93-4377-b6fa-3d48d82a8a5e
90,90_Easy_e534ad39-c001-4cab-b18d-f91d84c8147c
90,90_Easy_71543362-8ebd-4ac5-a001-8672b2ddb10f
90,90_Averge_f14887be-8da8-47d2-9a9a-9bfc5bde48bf
90,90_Averge_e05e62a4-8e3b-46da-a06a-e935b41eed00
90,90_Averge_8df09fab-990e-418a-83d6-85a30721007d
90,90_Averge_6b758ddf-d477-4f08-b9a1-46892a2771bd
90,90_Averge_d08c865d-0a76-4c1a-b9f1-ebc9f42be9ab
90,90_Averge_6a436eb8-a918-46ed-978b-23f38e8188cc
90,90_Averge_b1091c1d-b4ed-409f-aae1-463936014480
90,90_Averge_0a93e125-04a4-4de4-b33a-43a2b411962e
96,96_Easy_beb4505c-5ea6-4299-9c8f-61026f9e557f
96,96_Easy_a22bf141-d202-4682-a361-5501b53c2228
96,96_Easy_d20c6e69-2abc-47d0-b14e-3633ea50fa3e
96,96_Easy_be473f0b-c197-4ca1-9c4f-cd5268eef4ff
96,96_Easy_10c40911-33ec-4e49-a4bc-63b3a7733688
96,96_Easy_fe982791-ecbe-4abd-a267-d54609f52707
96,96_Easy_26c2bd79-8fe8-4248-b197-4054fdf3661c
96,96_Easy_29799f0c-1051-46c5-8e68-ea9b3b9946a1
96,96_Averge_05ce2651-73e1-42ea-aa26-40213712f13a
96,96_Averge_67a6b20d-ab72-4b05-96f3-db05ceb4608c
96,96_Averge_b8b43d6e-2068-4795-85c0-9918b909904a
96,96_Averge_00e06ec0-bc74-4445-a9df-5e37a9ed0bc4
97,97_Easy_a4aa316b-9081-4697-9185-4e1f642a6873
97,97_Easy_f1b366a6-25f5-43c0-b89b-58f9194cc874
97,97_Easy_77682532-0e03-4e6d-8f4c-f1a5d6ceb019
97,97_Easy_8932f6e9-3ae1-4922-b709-0622fb2fc357
97,97_Easy_e23fd822-d9a7-4b92-86e9-8086da6bc842
97,97_Easy_04b48357-41cd-42da-8676-cc318f26f0b0
97,97_Averge_a3c4ca8e-f276-4399-8869-3af70b034851
100,100_Easy_a1cd17f0-3511-4d34-9608-91d471890946
100,100_Averge_b915de37-666b-4cb9-a235-411f11de53d2
100,100_Averge_a40a898b-2f49-4fcc-9079-1c7c90121430
100,100_Averge_a090dce9-716e-4ed4-a0b1-05794282ddce
100,100_Hard_55c41b8d-8783-485c-8191-a3989d238fb2
101,101_Easy_873efda8-601e-4d45-9d16-bae73c56d6aa
101,101_Easy_cb190c15-c7fd-4d62-a56a-4b3e16c5474e
101,101_Easy_3ded06cb-8426-4628-9fbd-8450f272ef45
105,105_Easy_98180f84-d860-46f2-a940-1a6994d08d77
105,105_Easy_7a6385b7-de26-411f-a833-fe247dae63aa
105,105_Easy_55492761-3338-43a6-a525-729cbfcddad2
105,105_Averge_4a0adfae-4d48-40ee-b1eb-a3498bd73b0d
105,105_Averge_1fc13e36-24e2-4cab-814b-1a62e02fda6b
105,105_Averge_5dfc9da1-81be-44aa-a178-8a17a2c520ed
105,105_Hard_f0055199-fad4-4f52-a121-bc9a17556511
106,106_Easy_d289d4c2-69c7-4fbc-8913-115944642f00
106,106_Easy_183d79f5-926e-4b7e-9725-c452fd640396
106,106_Easy_5128735e-91f5-4a99-893c-1dba7c8e27b5
106,106_Averge_20309298-ff4d-4306-a092-8805e9e836e3
4,4_Easy_3d1abedb-91e3-4d82-a91e-9361dc274f93
5,5_Easy_1e38c5c9-67b2-4100-8e40-428b21dd691c
5,5_Easy_7f53eb92-0c04-4285-bf55-f4452f2f332b
4,4_Easy_ebf05a48-559f-4105-b5b1-59c528d80c68
34,34_Easy_6df0cf2f-0513-4d48-9067-c9f94e8b879e
26,26_Easy_2405ef27-51fe-44d7-84d5-6143cc55c6ce
3,3_Easy_effd41cb-5976-416b-b6ea-6d9f12ef5f15
3,3_Easy_8c0275c4-3a73-4435-916e-bbd8b5150b79
17,17_Averge_265d77d9-3be8-4fc7-a610-7f76208710ab
17,17_Averge_fbe4ce36-bcbb-41fd-bcc0-a3178dd47fb6
31,31_Averge_68adcece-6993-4564-b622-d7de58eb91ec
21,21_Averge_172bdde5-c3ee-40e3-8e7d-d9a43570b19e
31,31_Averge_e059d789-69da-4104-be6a-a8d7e48e5cd3
21,21_Averge_750eb625-6145-4b3c-bbfb-1e53f24c88dc
26,26_Easy_f39c8f7e-e0a4-41a4-ad4b-fcdecd9cbf9b
31,31_Hard_ea7da543-89ee-4b05-9d55-28de8caa4f8b
31,31_Hard_75f3260c-bb6c-4cbd-9513-fbe535295ba3
31,31_Hard_caa75c02-cb7e-4847-a644-cefb949d2c67
16,16_Averge_bc2e7f77-6db2-437e-bcaa-e48a23e1230e
21,21_Averge_0fde646e-61fb-49f8-a38c-e52e55664554
16,16_Averge_b4bb5a2b-bc9a-4772-a49c-bf809c1c2a49
32,32_Hard_9cab549e-7723-4e3f-92d6-2e61bbfce94a
21,21_Averge_84996a6e-1026-43b1-8f89-a85e327a64ed
34,34_Hard_2e075088-078a-4c1a-9353-6a1618bced77
21,21_Hard_6fa52167-e902-4f90-856d-33de183fb344
35,35_Averge_4848d8d6-df14-4281-ba05-1e5f4ea21699
21,21_Hard_baba3ffb-f1ec-40b2-84d9-511a3dd08e7a
35,35_Averge_eb716e5b-a414-4d2c-8f82-f218e50c971b
35,35_Hard_6bf86a4b-6dc2-48aa-bad6-48f065d1947d
21,21_Averge_0abc1da7-bd0c-46fe-b404-4c5b3230cf35
23,23_Hard_60652879-04f0-4eeb-8259-549a8202f83d
23,23_Hard_7f5cae91-cc97-4ce8-a864-4a9d99ad1785
36,36_Hard_0e41abbb-dcea-4e96-984a-c018d108b236
21,21_Hard_d679b8ed-63a0-4ef3-a6cc-f5b8ebbeb7d9
23,23_Hard_981a6cb5-cb29-4f30-9392-b9b6f734f5a9
36,36_Hard_ce95518c-d36f-490d-93c6-3876013a6680
23,23_Hard_6de5b1dc-0867-4a6a-9987-349a0949542c
36,36_Hard_0f44bc86-8369-49a6-89a4-7c6595845105
23,23_Hard_9b7ecef6-dec8-45d4-8345-604ff5c4d4b2
24,24_Hard_c419bb28-07f3-4966-88ab-285751148fba
36,36_Hard_2b414dc8-b851-44cb-93a7-6f1c0d5ad0d6
36,36_Hard_44327ec9-e4e9-4db6-ad0d-d5688c7f83b5
23,23_Hard_348ca24e-05b5-4e32-ad10-3dcb5765631d
36,36_Hard_61cd4596-59df-4d83-b5f7-fb26650a0275
36,36_Hard_c25b41f9-c8e5-4ac8-b2b5-44b3428db6c0
23,23_Hard_4ef0ea25-ba46-450a-bc39-3615d808da6e
23,23_Averge_86f0eae7-168c-4ff3-9276-399f9d502a2d
24,24_Hard_3f806622-9272-4bd0-9dbe-52e6d9c4a561
23,23_Averge_a364c9d8-ea2a-4051-96ab-556a88a1431a
24,24_Averge_d3c80fe0-991e-4d26-9c3e-b6c72f9f394e
37,37_Averge_ff9f1194-3e6e-40e6-a306-d3c85e3d7403
23,23_Averge_3b1a9c8b-3af8-4576-8629-eadb7e031e71
37,37_Averge_dc687a95-c132-42c0-8f89-e4e782ceb19d
23,23_Averge_4359059a-7721-495c-9e1c-05f91474e4fc
37,37_Hard_b3750691-18bf-4fc7-88c5-c72be95ca715
37,37_Hard_3824f6d3-a605-49b0-9227-6e6fa4d3636a
37,37_Hard_bddf601e-3cdc-4eb9-b106-c34c24a81163
37,37_Averge_64a855ae-50a2-4025-85bb-0bb3d2258444
22,22_Hard_82d7b387-3ecf-4b40-9ac6-64b405c238eb
29,29_Hard_bbe4b020-bb0f-4384-81c7-ce6ba1dceaff
22,22_Averge_2714c7a1-81b1-4fe9-9e8a-b2bc71e324e2
29,29_Hard_1090596e-3675-4d5d-95a7-0c51c0f6ea14
28,28_Easy_52cc5ed5-548b-4ce6-bdf1-d2a8e4211eae
29,29_Hard_02bd90c0-6bf3-469b-943c-05a2f6e95ebc
29,29_Hard_bcc1871e-9549-4c33-8af6-e5991fa7aa08
29,29_Averge_6c8bff7e-ce41-4461-9afb-71200b54d0ce
29,29_Averge_15871d3e-622c-4276-ac4d-a25b974c913b
31,31_Easy_127c6e35-362d-46ce-b245-ea51dfbb93fc
28,28_Easy_6442b1f4-77cb-4c65-9080-0ca035109c84
28,28_Easy_d52a6348-aa0b-4bf0-8e99-ada21e3036b5
28,28_Averge_bd9bb94c-2584-4047-9bb6-90041857c0b4
66,66_Averge_d6593908-0df1-46da-9587-5f1b0a4d36b0
66,66_Averge_076628ba-94ed-4ec9-922b-30c416660e57
29,29_Hard_f08f60f1-8211-47ba-a61d-3f233bee1078
35,35_Easy_5da10ea7-2e9b-4ada-81ee-5a3d2161947f
16,16_Easy_b4355c98-7106-4ad1-9e2b-10968418d64c
4,4_Easy_f5bb6f29-5f10-4540-83e7-8dd3b8c8f23d
39,39_Easy_7fcb7f50-98e8-4c2c-b2af-734db9597cb1
39,39_Easy_b848de63-cf40-4fc9-be5c-fa4d80b4c58f
39,39_Easy_17dbb587-8905-4407-95f1-9f4367199bb3
44,44_Easy_9bf6db89-bdaf-43ae-914c-6a22d1e92a7c
44,44_Easy_108d90ff-61bc-470f-a443-f47d1a8737d9
62,62_Averge_d6963c4d-1e34-443e-92da-5c363c2d426b
96,96_Averge_3ec9ccd7-6464-42b6-8514-2a3ae9c13dc5
116,116_Easy_a10bb9f2-212f-470e-a792-f62dac3638cf
116,116_Easy_610f66dc-6010-470c-af10-5c51962365bd
95,95_Easy_d4a99218-5329-4b2f-93cf-7c3b214c4e5c
96,96_Averge_cf8127c0-b66a-49ea-ac92-756da908501a
85,85_Averge_509e8df1-49db-47eb-bd36-9087c11f035d
101,101_Easy_28eede08-7bbe-4b1c-bec3-be487fcf7bd6
101,101_Easy_49fe7bc1-7fed-4d7b-a4fd-e1b8a157cd7f
105,105_Easy_2dc674e5-ea22-452f-94df-ac4c4e12c054
3,3_Easy_6a36c9b8-26ba-4a60-b8ba-70a63db90d8e
14,14_Hard_a15f0bd6-dd12-46c9-9a6c-95f9208cb613
178,178_Easy_df4e9332-b57b-49e5-a2ec-02a253d4064e
178,178_Easy_0d85db6b-34c3-4268-aaab-7f0c9f6ed1c7
178,178_Easy_fe869ef1-bfd8-45a4-a6ea-8bf8dc813514
178,178_Easy_df15154f-3d80-4c2e-867f-918673bf8685
178,178_Easy_247fb863-7535-49e1-ace8-c85ab4c002fa
178,178_Easy_ffbfeb37-cd29-48ea-b941-340a463a737e
178,178_Easy_d8292835-e87b-4edd-a286-6dfdfd057436
179,179_Averge_24ea4ea6-85a3-438d-a940-f8e800913e12
179,179_Averge_2b57986f-e629-4988-8c66-5c4f6e031aa7
179,179_Averge_5ada04cb-a5f7-45ed-ae59-847eceb9dfcd
179,179_Averge_4337123a-e078-4ede-87cf-9d1d51f813c6
179,179_Averge_29fc7d87-8b72-453a-85d6-248fd1e25361
179,179_Averge_ba61f3ec-1a94-4519-ad5a-edb7812b7ddd
181,181_Easy_b2ed9d0b-3fc7-4b40-b7c8-eee70196191b
181,181_Easy_4ecaab7d-9f8e-4789-b3d8-bb2275364c20
181,181_Easy_be4956a0-c3a3-47ed-8327-53ffe158aa35
181,181_Easy_9ff9f3c3-b6eb-4c60-b885-03a09ce00a79
181,181_Easy_37842667-2702-4b35-ab07-0b5c555b00af
181,181_Easy_c65ba9ef-f3e6-4816-aa66-4aad1d06d0c2
181,181_Easy_2cd6d70d-4174-4308-bf92-030052011362
181,181_Easy_e8359e38-06d1-4985-806d-0cfb024a8fdc
181,181_Easy_97358301-649f-49e3-b960-33283e67042b
181,181_Averge_df424c03-e1b4-4e14-afac-37ef512048b2
181,181_Averge_672a07d6-1594-4119-a5b3-6f4f1f273682
181,181_Averge_cc6c7840-5cd0-4723-9058-ce60f0f23338
181,181_Averge_88e13fe0-050b-41a5-bd66-c8c686647ab4
181,181_Averge_32a64e26-c9a5-42bd-b357-e22fc28196ab
181,181_Averge_f2b7fbf5-d70b-4b14-bed7-0bcbbad883aa
181,181_Averge_502fe531-1b2d-45e5-b1a9-ede87ec7cfdf
181,181_Averge_c72fef51-7007-47e8-8a45-cb1a3a35af61
181,181_Averge_65755d77-aa59-464f-8c0c-000c07a5c729
181,181_Averge_89848563-8a59-4791-b96f-01faa6d298b2
181,181_Averge_5e70d7b7-5569-4761-ab4e-02726d616847
185,185_Averge_287317d7-518a-4979-83ad-652546f1afd1
185,185_Averge_8fdaede0-468a-46eb-b163-9ba9e790c988
185,185_Averge_d9273414-1d09-4b08-aaf0-056b0f48848f
185,185_Averge_11b9a6a1-bb06-4fc5-873d-8017f7bc8bf8
185,185_Averge_fe4be4cb-0d58-4151-94b0-7e91ed672953
185,185_Averge_0e15d496-743b-4d44-98e7-c401b1637746
185,185_Averge_ce0d54f4-d282-4c80-8363-4a48ee13be8f
185,185_Averge_ea3f21b8-4288-4ca9-9252-1949b0867d2d
185,185_Averge_2138c89d-fbf4-4d07-857c-8f63ecdfe3ce
185,185_Averge_89987605-7710-43cf-9b24-b8ae1ec02326
185,185_Averge_39c1e16d-6c77-4d79-9aff-0a79caf7ded2
185,185_Averge_eb6cd347-2f46-447d-88c8-63cda69e6a88
185,185_Averge_53ba5e80-60f0-4c29-b1d9-2e28eb6ab5cb
187,187_Easy_7ac758b9-3844-42ff-9c92-cab0d16f7dc6
187,187_Easy_df2ff30e-fca2-4ac9-b915-281785655d4c
187,187_Hard_c6a72531-ac2c-49e0-bdff-eba109fc251c
187,187_Hard_5e6630b8-af8f-4863-a3d3-46673fd1eafb
187,187_Hard_3932831b-a245-4e31-af39-6a975449bd6e
187,187_Hard_6132abde-417f-4882-b607-03e43fabc037
189,189_Easy_7fd8de69-ef5a-485d-a20e-d78f6132db7e
189,189_Easy_3047c4f2-ccc5-42a0-b32f-515d2e01ffed
189,189_Easy_a0a7382d-a23b-4f02-847b-c65771080be3
189,189_Easy_ddd0b06a-292d-4d52-825f-63d8f2b4afc5
189,189_Averge_2ca3c774-616b-45bd-8e3f-f52b64611465
189,189_Averge_0b037c2c-164f-449e-82a6-ef3a64934c10
189,189_Averge_1353ef10-77af-4cdf-a10e-79f800c6aa33
189,189_Averge_16528ddf-5eb7-433a-8d6e-65ed6218e890
189,189_Averge_cceeaf30-36f3-4e1a-82c6-edba97aba905
189,189_Averge_9a6aef08-7a64-4ca1-a192-c9dff772ddcd
189,189_Averge_ef4061d9-07be-4a16-9b6d-62d0108d9d02
189,189_Averge_83454954-86cb-44d7-acd6-e06bba8d2e96
189,189_Averge_4826ebe8-e04e-4e19-b966-f2655090535d
189,189_Averge_f2523eb1-e1e6-4c6e-bcc9-b137bf0033a2
189,189_Averge_dc7edfbe-a0dd-47b2-b5de-c568f905d70c
189,189_Averge_4f67b676-ac33-4d8d-8d98-021911367404
189,189_Averge_85305084-7efa-434d-8d50-6e48b554637c
190,190_Easy_d9c101a9-0ce3-4610-a17e-eab21c6b2b4a
190,190_Averge_9f9b6793-03e7-4757-9b13-31aaaae0d423
190,190_Averge_0e0d5aa0-1e95-4980-8e54-aa019641a840
190,190_Averge_941a886f-a5d0-422b-9321-ca3258ae617c
192,192_Averge_3b8dd43b-25d7-4e77-9d03-451cd809b3e6
192,192_Averge_baede4c8-7e55-4e36-afc3-6a6ee6ff9e95
192,192_Averge_89814e80-e579-43a6-bffc-193ee6e173f3
192,192_Averge_a055d542-7035-462b-a8ec-54b7057382f8
192,192_Averge_dce8d182-618b-48ae-8788-d15e9f235d64
192,192_Averge_192f3c2f-c129-404c-a2d5-54d1f0475a04
192,192_Averge_5a1dec84-6c0f-41d5-b254-0a4368b42331
192,192_Averge_7d4b8c01-08f2-43f6-b31e-2cf6a174bdfb
192,192_Averge_8891a4d3-f32d-44d1-8a0b-85a9c49f7f18
192,192_Averge_0c0cf065-da3d-4dc2-8aa4-4422fc879fe7
192,192_Averge_afa3d500-2e28-481e-bb73-b68d80738e07
192,192_Averge_0f110842-1d29-4ed7-b397-495635bbad36
192,192_Hard_9e157e90-84de-4172-aada-9ed0776ceba8
193,193_Averge_c3a0b732-af0b-41d2-8bf5-319a72efed72
193,193_Averge_e014a0dd-11cc-4f8b-822b-b42cbd2874be
193,193_Averge_da0733db-4895-492e-8714-991803996029
193,193_Averge_81500b41-a876-441b-bc66-f6a66b25c67a
193,193_Averge_b5be806c-8bd4-41df-b208-07dd349fbd2f
193,193_Averge_41de2157-0808-49eb-b07f-6d0a0258773e
193,193_Averge_b57a47f0-b774-4d0f-8ade-a7a4748c6f78
193,193_Averge_ab4674ab-d06a-467c-8fb7-dd57653335cb
193,193_Averge_6edea11b-73db-46e4-843f-72d038b3ac15
193,193_Averge_ec66c25b-37d4-409d-8e9e-7d0bd8575072
194,194_Easy_db541624-3fd3-4d1e-8bc2-0bf11a27eb39
194,194_Easy_efba1c30-2e57-4b89-9974-8ac36a88f1ca
194,194_Easy_380c0a42-d4cc-4e38-a17e-7b48393b1b29
194,194_Easy_841a4fbc-4124-48f1-9559-a6c0c5873dc6
194,194_Easy_5cff5c7a-dc38-4154-bace-a515710862eb
194,194_Easy_394a83a6-d406-448d-8b39-e274d73f3da7
194,194_Averge_12e9ea5a-1977-4737-b91a-f4af3f9f719e
194,194_Averge_aa5ad7f5-aef4-4877-96c0-49e9ceee384c
194,194_Averge_dc708af1-507d-4977-be11-e6c4d66cd0e4
194,194_Averge_6957b3de-e908-44e8-b4b8-91c2daf4be7e
194,194_Averge_291ce6a5-59a7-4cd8-84aa-9a3104197478
194,194_Averge_8824a544-bedd-4899-b442-24fce4b654e4
194,194_Averge_c99428cd-fdeb-4600-a28f-036579d0b1d9
194,194_Averge_c80f0452-3316-4045-8cd4-7dbb71836e60
194,194_Averge_047737de-68c2-4dd3-9db0-ef097c7f621a
194,194_Averge_20f2f57a-e2fb-46fa-9bf3-18c38bb48ff4
194,194_Averge_de7fde15-5603-48b8-9ef8-2cfb2f52c3a6
194,194_Hard_29818085-8a80-4fc0-9203-ab457c8b6e90
194,194_Hard_3db0d3c3-d58b-47b9-9a67-2d9ea11e56e2
198,198_Averge_ba2316e4-2c08-4aff-b8fc-7900128d356f
198,198_Averge_e26d1f25-75e7-4020-a419-2cd836999e48
198,198_Averge_9316edc3-1c77-42c0-b0a0-246d93c33614
198,198_Averge_18e5fad2-c455-4ce2-88eb-475335d3c00a
198,198_Averge_e3e28c52-0010-4b7c-97ba-ddb5c0af2cff
198,198_Averge_5059c622-8f04-4b37-8922-51c7454876d9
198,198_Averge_f50f8e69-f203-4541-8443-52b7d4b36494
198,198_Averge_4cc83646-0172-4182-97bd-8705bd115ef1
198,198_Hard_4b4185c1-6f89-4f7f-96b4-d8437c717521
198,198_Hard_e6ba984a-d924-4df5-a805-904529e29a2e
199,199_Easy_151a04fc-50eb-4cb9-a4dc-02368b203dff
199,199_Averge_41ca2b70-81d5-47af-b379-7f8ffcf03095
199,199_Averge_3341fef0-c2eb-430e-8f39-af09043f7395
199,199_Averge_661a397b-9e25-44a4-bdc8-b1ab5eb40e9c
199,199_Averge_1dc67fc4-82a4-4897-9cad-d36e0ee1a5b8
199,199_Averge_1cefc27f-037a-4fbf-8089-33b8705c380e
199,199_Averge_eb9f4340-0479-401a-9b60-41ee13936333
199,199_Averge_273b7ed9-6ee2-4cc5-bdfd-21d51787ae0a
199,199_Averge_916e948a-e48c-4916-8731-b81f38cd83de
199,199_Averge_81a0fab7-e186-48e1-a5c6-3124b8e51a34
199,199_Averge_5dddc93b-394c-41af-a5ad-f4ea5e8602b2
199,199_Averge_9e119072-c2a9-4b81-bb3c-59e432a422d4
199,199_Averge_c4646d2b-7277-423a-a786-ce1cb6f08468
199,199_Hard_7d623dc9-36ee-42f8-a10a-440704025749
202,202_Easy_21198ebc-bfb5-4fce-a750-572eb0414eac
202,202_Easy_14f92003-9894-4408-b9d1-555da11c6e06
202,202_Averge_31f46642-ba52-4ee9-9565-d73c3c7ea41a
202,202_Averge_35b2537a-47ee-4fa8-975f-cb7ee07f6dd1
202,202_Averge_08043260-25da-4492-ae7a-09bb0a669d4a
202,202_Averge_91067f6a-6a9e-4213-a34e-a0540fcb06ea
202,202_Averge_c12f6a07-b8ac-40f9-9d13-93ca97d36ca8
202,202_Averge_818fef03-fc1a-4701-a647-574b4f4796e3
202,202_Averge_c435d35d-1c12-4484-8262-f40727145fdf
202,202_Averge_cf2d3817-c33b-41de-8f9c-084c6fcf4e8b
202,202_Averge_1b8d7ec5-3201-4a97-b015-4a54399f7fc7
203,203_Averge_07fe43bd-d011-402e-8934-953a9d1dac19
203,203_Averge_9d9c1363-3977-43e9-8bf0-ab43373031ee
203,203_Averge_a46d5d2c-e59b-47ba-89ca-0a7ea2209fef
203,203_Averge_fcc264b6-e692-4d33-9658-eda5904c39ce
203,203_Averge_63ffd8f6-8c49-478e-9b66-11128195b553
203,203_Averge_eeb0db69-8ee3-424c-8c1d-b5c2c97d6bca
203,203_Averge_468c2193-4a89-43c3-8a68-62b61f5f31ba
203,203_Averge_a53af5be-204b-4841-bdc2-8e37e8c2e970
205,205_Easy_07406d0d-ba6b-4517-93f2-bda4886e30c2
205,205_Easy_16caf38a-b054-4c4a-9469-4573ade8010a
205,205_Easy_0bf4c0d9-30db-4a05-80ff-54dd76819355
205,205_Easy_9f1e0d94-e64d-4dab-ae4e-46017dd667d6
205,205_Easy_7e451781-dd56-42f9-a300-5ad319ca4d29
205,205_Easy_e8c1c6e8-5396-4d00-a544-b26b1c249173
205,205_Easy_2d52265c-2bf4-4241-9f3a-a680e52d4002
205,205_Averge_b3ac7db2-0559-45ef-8ae1-2f603db6c009
205,205_Averge_b7cc2056-d0e1-44a1-a075-f43b8e4158b7
205,205_Averge_f3d3b366-92a6-46cd-8b3c-06193aed6eab
205,205_Averge_b2eee406-2b0a-42c2-b083-9cee6f1c48ad
205,205_Averge_04bb08be-cc6b-4d31-b3ca-4c33e22bf4aa
205,205_Averge_dfe322ea-4bc7-4245-8722-56a1acc2929b
205,205_Averge_ae68804d-5d0e-47d3-9e64-35ba647aa064
206,206_Averge_b189b21a-bbf5-480e-8a96-253739b3323c
206,206_Averge_f72aec57-9bf1-43a1-9d45-bf7ad13fe983
206,206_Averge_3f27f8d2-94fc-410b-bbf6-f2b03f1abc88
206,206_Averge_b6457238-3c81-473b-afc8-7f6855fbcb68
206,206_Averge_6fe7774d-b970-477b-ad25-336e30d1b45a
206,206_Averge_1fe99a7d-1d9f-4a65-8be2-53c4748894dc
210,210_Averge_6e246b18-e1a7-4e47-a90e-83b3b2c06549
210,210_Averge_74e006d9-4656-4995-9c48-6cf571a6c907
213,213_Easy_501050d6-32ae-445d-9fba-75780ced731e
213,213_Easy_51217dcc-24b8-4599-a42a-8dc42bbb1d22
213,213_Averge_68207df1-06f6-404b-83f6-8abcc0f19f7e
213,213_Averge_7e8f2909-5d81-4168-ad4a-b97caa2d9e65
213,213_Averge_de342f1e-6435-4abf-a160-33631f3e2551
213,213_Averge_9de9ffcd-3cb1-4500-aca8-02900cec4b26
214,214_Averge_ce10cdd1-9c65-4db9-83e4-b30777b35687
214,214_Averge_127f980f-a695-4a79-9216-718d0e05daa2
214,214_Averge_3f1b6860-ea3a-403f-b47c-9b3a013f91a4
214,214_Averge_b05b3b18-ac88-4b9c-b11a-4eef66db129b
214,214_Hard_dc470262-b037-4cfc-9d4f-4a5057aae9d6
215,215_Averge_7eda1a19-0a20-47f7-9c09-e4b39b97cb3c
215,215_Averge_a36c4a0c-026f-44bd-a96b-ed25e1b18cca
215,215_Averge_08f858a1-5685-4e8e-a96e-8e2935a129f1
215,215_Averge_ea604bdd-9c0c-4e2e-b765-fc01c9ff767a
215,215_Averge_404f841c-8a86-45bc-beaa-32aff3284d63
215,215_Averge_c9344718-ae8b-4d7b-891e-c5b15abc53bc
215,215_Averge_1b6f3c41-9104-48cc-91b9-0907787f5225
215,215_Averge_c2e08f08-976d-440b-97cc-d56d8c8b6002
215,215_Averge_189c4125-23f2-4509-a74f-5ad54f6dc320
215,215_Hard_4d05319a-b846-4aa6-9578-0e514d8b793c
215,215_Hard_b28462d4-a304-413b-9889-efd04e39cb04
220,220_Easy_f053ad01-b437-4f5a-9a62-335397e3e3b9
220,220_Easy_0c6507ba-a1f8-4189-affe-65af094c6b10
220,220_Easy_deb53ffe-94dd-4501-93e8-3d02d49856a1
220,220_Easy_635619d0-cbc2-4e7a-828e-86e4ca9d779d
220,220_Averge_12b3deb2-ee83-4161-ba3e-228ac662cefe
221,221_Easy_28833c35-f0ae-4c5b-a032-2a9fca07185f
221,221_Easy_7fde8af8-5a96-4561-b7cc-107641d25bb6
221,221_Easy_32c9e17a-923f-4778-8d0c-c9f58dad2417
221,221_Easy_c1dde2e8-c133-45ef-b153-d4e59dca5314
221,221_Easy_58acfdbf-3710-4a0d-9eee-632dde1f4626
221,221_Averge_9b09f948-3fb7-4625-9ecd-10463e6ad4f7
224,224_Averge_9141eb74-9de5-4f75-b6a2-e9eadde6c731
224,224_Hard_be89ec1c-42e5-451b-83dc-91ed25745965
224,224_Easy_d7951a90-4544-4535-8f7e-068e4ce09990
224,224_Easy_12d23800-97dd-423d-b46b-42dc93f0b799
224,224_Easy_dc17ea7e-bfdd-4cf4-bad7-4c7ad0624cb1
225,225_Easy_941a2c9a-6e90-4807-9e7f-57518ce2132e
226,226_Averge_d0cc7cf5-3a91-4248-be74-485bdc7b2782
226,226_Averge_9a1dc6c8-672c-4ed6-834c-38d63c6f107c
226,226_Averge_6377fd19-6fe2-40d2-8ba8-5c6403061920
226,226_Averge_c620b7e3-e40f-4a72-b639-10fe1080ac2a
226,226_Averge_56089116-0861-4eb2-a3f4-676ca5444da4
226,226_Averge_ea1d798c-3cd5-4d1d-8e10-d11ec3d4e643
226,226_Averge_336a98da-9f55-41f6-b887-902758e72b65
226,226_Averge_0e7bc64f-377a-4b00-87d2-63426cc646be
226,226_Averge_3feb6bcd-ca2e-4a47-a36c-9bdaf8300b27
226,226_Averge_8469b2b2-9baf-47fc-a9c4-31b4f1a6ae98
226,226_Averge_f2c2e6ed-ba7d-4a6f-b4f6-940b7ddbd146
226,226_Averge_8cb1b4a7-270e-4d4b-abc6-0c745191e191
226,226_Averge_c1877540-6ef6-4881-b1df-2b93f32fd7dc
226,226_Averge_3bd7f0a3-eba3-444e-b313-860a54d6bc8a
226,226_Averge_24c42799-e376-44c3-918e-c4e5dbb5f7ee
226,226_Averge_01be8f6c-8a68-4b1b-ba29-be711f66b2ef
226,226_Averge_e6f27659-4cfa-4b47-91ba-f67d90709617
226,226_Hard_20272d7e-0684-4817-abca-5cd443e678b7
226,226_Hard_53e6abb5-fbb6-49be-b8ac-7d29136c9473
226,226_Hard_6d2e8ae4-8e1b-4545-9ad2-52605229b0ce
226,226_Easy_8a2ea840-ba44-4ea2-9076-8edbc814014b
226,226_Averge_560d659d-b724-4ac4-aa43-b6c524312af3
226,226_Averge_197aa412-8966-440a-abbc-75a4ffd697e5
226,226_Averge_942cbbd9-4a40-42bd-90db-67b2cca35087
226,226_Averge_ad0eff4c-8e43-4ae8-90b8-33e252774ef9
226,226_Averge_18915c24-b776-45a7-98fc-8bc749661b53
226,226_Averge_7473d6c8-db95-46dc-a7b9-d489b9cff9a9
226,226_Averge_45729abb-5f06-4e8c-82ca-a2c3c39280aa
226,226_Averge_300a6312-50dc-4b22-af6f-44a94b81cb7c
227,227_Averge_2db2b930-b734-404e-964c-d4a7411ebe73
227,227_Averge_77ee1e5c-269a-40bb-971b-7e388960f1a6
227,227_Averge_39a6b152-d112-4385-b4ac-2ef9517db1be
227,227_Averge_b267402f-46b9-40b3-9b26-32c577af91a9
227,227_Averge_29eb97ef-2daa-461b-8ae3-95701b6de8bf
227,227_Averge_163a1859-2272-40db-b89b-061f2f86dc90
227,227_Averge_b23179f1-b376-4f8c-a77e-f1bafee1baa1
227,227_Averge_c6b369f9-4462-4c6f-abd1-9ae1a8dd370d
227,227_Averge_fb020f03-a8c6-4445-84bf-0f93d4654c64
227,227_Averge_43d863ea-ea8b-4c27-88e9-b96d08aa8a77
227,227_Averge_4dde831d-7303-4732-b86a-6ceecf118a40
227,227_Averge_d53b69f9-5b73-4a12-a395-b2bd1b552639
227,227_Hard_f0e53d94-9746-4ac8-86c1-09c5b5e527dc
227,227_Hard_4a9e9557-77d7-4d06-a680-8cc2073643e7
227,227_Hard_07104001-804e-40f1-aa08-703080407870
228,228_Averge_411c218c-c74c-442d-a565-d79aae5da80b
228,228_Averge_5a051c8d-fc9f-4f76-8328-43a3077c1684
228,228_Averge_44bce149-7677-428a-ab68-00de12a9eb8a
228,228_Averge_2466bb5d-e82c-40e5-9a93-6ad8de216a46
228,228_Averge_4e44ffc9-b2bc-4996-a27f-9774485c0b2d
228,228_Averge_a1b327c5-3ae3-4cbe-be21-0f41a1bdb457
228,228_Averge_76718fab-8767-4add-94fb-9021f9a33ea3
228,228_Averge_2721454d-e0ec-4896-b03c-a8c1c1ccf4f3
228,228_Averge_ab992a0a-639e-409b-b999-58b9a8f91a8c
228,228_Averge_e0a896b9-9fb1-4ba0-a5ff-954e4c1c02f8
228,228_Averge_12c5b35f-ff6e-44d6-9720-8d6a125d294a
228,228_Averge_63ea88ed-2024-4aaf-ae06-8a5148906d5f
228,228_Averge_18728818-aab1-41e1-bc7d-a3b3e9016846
228,228_Hard_70038652-106d-43eb-bcbf-0c83b64c7916
228,228_Hard_b0c10b87-8939-4617-b8e9-bffa3db752cf
228,228_Easy_44e2e2cf-85bc-487a-87b3-31f04a94abf2
228,228_Easy_1debb456-b16b-434a-b212-468db670cb11
229,229_Averge_7db6af81-4eed-4df1-afa4-82b1a885660c
229,229_Averge_02ca74a6-2427-45ca-a48c-82b33daea0b6
229,229_Averge_37040edb-0c9b-44a4-97eb-9a5fc3f7eb06
229,229_Averge_66b00a78-5199-421c-8446-cb1573c57f33
229,229_Averge_3b10e407-da08-4676-ad9e-d2301ad6ab9c
229,229_Averge_fa186111-695f-4c9e-8319-dc57ec77b149
229,229_Averge_42968251-1b44-4bbb-9cdf-43b354fbda00
229,229_Averge_59dfef04-1135-42e4-bfaf-e6642b26c441
229,229_Averge_eee21f50-6035-44cd-b7e5-d6b10b3aeda5
229,229_Averge_7cb4cc8d-1297-4608-9fcf-4a56a3c3ba47
229,229_Averge_9467cc33-bcb5-4905-bfc4-450a3b5e10f5
229,229_Averge_f1776b9c-031e-43d9-9870-7d804020bb0f
175,175_Averge_a2e36928-a953-4c7f-8553-f83b72a0c0f3
124,124_Averge_bc6e79de-fae2-490c-aae9-5843d48230e1
124,124_Averge_b7476a11-3dc5-4941-94f9-cc7086af261c
171,171_Hard_923ea69a-8a18-4efc-a3c1-2a16d0dcfc86
165,165_Hard_06266830-e876-4d23-bf79-273195001265
116,116_Hard_cc626e50-94ab-487e-8944-cebd45fc6f88
169,169_Averge_38bbb3ac-9a06-435a-bafc-ae694ff7938d
210,210_Easy_86299273-2c96-4e24-a627-3785ae5d6b48
210,210_Easy_f91c841c-1581-407d-8830-c3682959abbc
210,210_Averge_5c15dce7-d65b-421c-bb2a-f061990c6040
210,210_Averge_e4a7433a-86b5-4d48-826c-45124576ed87
210,210_Averge_85e95966-4e64-4b79-8487-a430f7befb20
210,210_Averge_8a29ee76-c004-4463-9196-040ed288c035
210,210_Averge_c847be45-f64c-41ed-924e-64523a97f906
210,210_Averge_0127390d-04a2-4cfb-a25b-b43d00beac89
210,210_Averge_9b99cd3e-ee4a-4f01-bc96-4607552704e9
210,210_Averge_69944a1e-ea1e-45d3-bfb2-98a9c8a1580c
210,210_Averge_55d14f77-18b5-4eaf-b63a-60b27d835113
198,198_Averge_c3f1efde-dac8-415a-891b-468a9e7caa18
210,210_Averge_5b425576-5234-40ee-bbe9-1c083fd67fe5
210,210_Easy_23d93ddf-7269-4473-9fb5-0ecc479eb29d
199,199_Hard_e2561b37-8436-466d-80df-de566f61541e
210,210_Averge_dc0c5f1a-5ab6-46e8-953d-a4d106f3b62b
199,199_Hard_4468cf6e-0a20-41c8-8817-3089d05c0218
199,199_Hard_b7157dad-d5e3-4ea0-8e2a-864efdbbe0d5
199,199_Hard_04d54185-baf6-4f4a-82be-31f9f9a8fda5
202,202_Averge_6c9a671e-2601-4e17-b772-675edbe54567
202,202_Averge_e3193629-a9b1-45ea-8c8b-35e20840adb0
202,202_Averge_2d6b0367-d9ea-4da5-af8d-0e8a2df035db
210,210_Averge_2892c8ba-6ec5-4b2c-af6b-f4420433c9df
205,205_Averge_fe49c71c-f211-4031-81dc-7b98af6ca0b5
210,210_Easy_ef4ed3c3-b51a-4bd9-8531-2a35949a894a
202,202_Averge_0acfdf2b-cace-4599-a64d-57d984ffb3ec
202,202_Averge_a18c103f-ad91-41b1-83a3-b0dffd2bfa82
202,202_Averge_deb1896c-34ac-4256-a530-d64a5bbdb7f3
205,205_Easy_5814ed88-8d86-47f6-8c81-b9d12a044568
202,202_Averge_cc664245-396b-4db0-bccf-06ac819c8cef
202,202_Averge_e0c82b4f-13e7-42be-b02e-6af601f4e668
210,210_Averge_30185f44-3dd1-490a-807b-289d38a1eec1
210,210_Easy_e9f45fbc-fcfa-485c-a4f7-8b215b529808
202,202_Hard_2d2be038-f412-4a88-851e-8fe545a35685
202,202_Hard_12509261-0c60-4104-a3e7-115af6a4d305
202,202_Easy_56247513-333b-4d5b-b4f6-ead0e0d00a73
210,210_Averge_552110ad-8b27-4c57-a247-e1107bc6083e
205,205_Averge_a2009650-5740-4004-a609-0dbba7762cad
205,205_Averge_0d2b1ef4-2d0f-4acd-b123-23c3861d681f
205,205_Hard_b38c8fd3-c391-4187-9e20-2aafed791a3a
205,205_Hard_a7f8d85b-9bcb-4e04-96dc-a272a8252976
205,205_Hard_b297ff90-3356-4d51-995a-9fa450ef315f
210,210_Averge_76beaa6f-b023-4a2f-8879-3d631419e270
203,203_Averge_197a9c78-93a0-42a6-a655-43e1b83a865e
203,203_Averge_1b56d1e0-a114-4a06-961a-99041ecb40cb
203,203_Averge_8a22839d-244c-414b-9bea-d6328d16273b
205,205_Averge_dd084f18-c205-4551-9be7-8a3af4b12883
203,203_Averge_b7bfb9fb-e5f6-4f56-80f5-4e28720f7c48
203,203_Averge_79b0c445-72dc-4c49-9dbe-a21083fa0f72
210,210_Averge_363611f8-47cf-4160-a657-b2734c05553e
205,205_Averge_ef7af6aa-fd6f-4fb0-8cea-4d21af56b52e
205,205_Hard_f90d8b11-2e69-41f9-8e22-e2a6ac11ff6a
205,205_Hard_efba662e-2795-4449-9959-7a3effc8feca
211,211_Averge_b31dae0c-2998-4aab-ada5-39c6ffcdcc40
206,206_Hard_66c06470-b9f0-4e40-b323-62af99186aa1
206,206_Hard_0f7e1640-58af-45cc-80d1-e2821a3831b0
211,211_Averge_0ad16079-4a42-405a-b249-53d5f1254cb3
206,206_Averge_69fdd362-1109-41b5-b904-f3bd8d1cc934
211,211_Averge_10749e84-1f35-418f-a780-6b424977ca9c
211,211_Averge_923a3463-8dac-4502-9979-a942c70b7101
211,211_Averge_0d03f4c0-2f4c-4004-a60f-b296149c9d0e
211,211_Easy_1574fbfc-3841-4c53-9090-88f0a299d426
211,211_Averge_078c7ec7-6e39-4401-acbb-0522d65569c8
211,211_Averge_c49efe22-c86d-4570-811d-648b5b31bb04
211,211_Averge_3ba4338a-7ddb-4437-894a-656aa5224ea1
206,206_Averge_8599e607-d278-4305-bb06-af2e99414fd7
206,206_Hard_832a68e3-fc2f-4b20-aad4-deacc4c8aaa5
206,206_Averge_8c6a13d5-4d88-4979-827b-c0d9ddf7d132
181,181_Easy_eb40a793-e87c-450c-89d2-471e8312ea0d
181,181_Easy_324849c5-b44f-41fa-b349-c3272c80fb9a
181,181_Averge_5cac4550-e0f6-4e14-a612-f7f03b96687e
181,181_Easy_5dde9576-76de-4dd2-88e3-172c9e9bf87b
181,181_Easy_51c213f2-6084-4def-80c3-efa80d3d8d98
181,181_Easy_c86dfa81-443b-4f66-9bc7-6ccefc339097
181,181_Easy_487e943c-0db2-4c39-8c6d-cbe6c1eb7b15
181,181_Easy_45cd428a-9e18-47ac-8d37-d954c0f8e6be
181,181_Easy_9aded6b1-4f74-47ea-b860-b79fc323cfa7
185,185_Averge_a89c7f87-701f-4550-95a6-c5352063c21f
185,185_Averge_a9853497-cbec-4828-aec8-e0861b3182a4
185,185_Averge_029ea56b-d295-4f78-9c24-96cad1e5f339
185,185_Easy_d7a78317-12b4-4db3-80b8-23c6672a3c0f
185,185_Easy_402b14c5-ace4-44ab-9475-1c973cb7b8ff
185,185_Easy_f19c9880-f5f1-4561-a12a-bc9d01237dfe
185,185_Easy_329acc96-add9-425f-89bc-5b9263bc5b37
185,185_Easy_679c839c-ed05-4136-b5b5-a6892781f898
185,185_Easy_8141116c-b867-4c33-894e-3d1de3a88d8a
185,185_Easy_c3c1dca3-7c36-4be3-8d58-e7b31ae44996
185,185_Hard_3161eeb0-3e69-4c7f-a671-e78d3edf52eb
185,185_Hard_d5516cbd-afa5-4fc9-8b46-ad86002faad4
185,185_Averge_4b41e8af-195c-4307-8b28-9a863d33a3be
185,185_Averge_92aee0ca-df0e-40a3-9713-fc82de1b7d2b
185,185_Easy_82632b02-586e-4fb5-97b7-c4ea7ca42dd8
185,185_Easy_00a8986c-fc0a-430f-8f44-f845b35bf82f
181,181_Averge_11d7ee5d-84b5-4275-aee8-c1a99dd4270e
181,181_Averge_76d5ebc5-e551-4e08-9c19-568b00d81efd
181,181_Easy_6b5acdf1-1171-4bfa-ab22-cad399457859
181,181_Easy_b52a0c06-d744-435c-a9f0-2e87dcf954cf
187,187_Easy_1bb58d49-09d5-4709-8f96-b4f0fbf91cbc
189,189_Easy_ee6b4622-7a2d-466d-8d3c-795ab8fadcc7
189,189_Easy_9d6b7ff3-20e9-422b-98fe-8285714a14f7
189,189_Easy_cb3d2379-3be0-4534-8325-572d33d4ade0
189,189_Easy_468ae030-2842-41f5-b3e7-2d1e4988f19b
189,189_Hard_237b4c73-e4e3-482e-ba1a-f04ddb799c04
189,189_Hard_5dffc3b9-2926-497b-ad90-bc035466cc9d
189,189_Hard_56f21ff7-b2a9-429f-9cb5-c7e650f47dc8
189,189_Hard_cba94ca1-6604-440b-ba9a-71fe80476625
190,190_Easy_bf34fd4c-eef4-438c-8d10-93ba157bbf07
190,190_Easy_110c70c4-e1f1-4ee6-9f51-169d7d329450
190,190_Easy_890f0ba7-cb41-40fc-81c5-408422d02b93
190,190_Easy_93e10f97-e5c6-4478-8062-2cb3571dd40a
225,225_Averge_42303d47-fdcb-4734-b260-dc9a4cb738e7
190,190_Averge_cbd1de70-c441-477d-841c-121e9d96df47
190,190_Averge_01c237ac-25e2-4bbc-8650-68ac434326e2
190,190_Averge_2f374ced-0a6f-4ac7-8e0e-f42f225c7f1d
190,190_Averge_42e0579d-715e-4d23-9fc2-23e4a1c98944
190,190_Averge_f286e201-4011-4b48-a43b-ac792e1eba4a
190,190_Averge_86927960-049b-4afe-85db-6efbf9776248
190,190_Averge_2f799694-3af3-41af-98fe-e70ba098800b
190,190_Averge_a9d3dba7-fedc-4256-9661-b65303448512
190,190_Averge_b78f7381-0220-4c20-a4c8-9fab36d18b01
225,225_Averge_e9c6f2e5-c75c-43d3-8fa0-c245ab825b87
190,190_Averge_e20e8b68-7211-4a71-8b65-ec0d78f32bb8
225,225_Averge_7489150c-71ce-4682-91fb-3804eae61f10
190,190_Averge_e3d5f4b3-7479-4be5-ac50-72065ac1ef43
224,224_Averge_ea02dd39-3f78-4ff9-ba86-c20fbba160bd
224,224_Averge_9d379144-c5b4-4dc4-93ef-0c5f502e7109
224,224_Averge_512df733-d2d9-4622-84a3-98775b66ee2e
190,190_Averge_115cf38e-db40-4666-bfb3-a41feedf1e8d
224,224_Easy_6db257b3-d7f1-459f-83d9-1338e5b8874c
224,224_Easy_0e734393-63e8-41fe-8b49-94e169269f0e
225,225_Averge_be2e7b51-c1d8-4030-9788-ac70b69ed27d
225,225_Easy_2553e64c-dfe1-4c60-878a-befa777ef8c2
225,225_Easy_724a1e7c-811a-4983-8981-16136a39bb09
225,225_Easy_e625764e-52d5-4c29-a79e-32a87d388a12
225,225_Easy_095473a2-f8bb-4fef-a2b9-dc1389c7accd
225,225_Easy_86a2f4dc-3785-4734-b84d-f298555cd6c1
224,224_Hard_a20758ff-ac86-44d6-a1c5-2d6a654a976d
224,224_Easy_7059857d-b528-491b-a652-16783d30141d
225,225_Averge_811acdc4-e007-4ff8-83a6-c3840a21942f
224,224_Averge_74588abf-adaf-49e1-bbc6-8ee430eed7d1
224,224_Averge_7404c713-a6cb-4c72-8510-6c622969730c
224,224_Averge_4925c6a5-a745-4ccc-b535-541e2ebadb42
225,225_Easy_195cde21-b195-4d00-84be-0a2cddc253c8
225,225_Averge_7b3ef58d-b191-4be8-a926-d842467b718d
224,224_Averge_3d729ea8-d55f-4e13-9182-1c640d324179
224,224_Averge_bc804cbb-0d02-4643-b429-53129e7408c3
224,224_Averge_de91c3b1-8fc7-49a3-9105-3b6d8e42fd91
224,224_Easy_3b0ac9e4-eca3-4045-87ac-7b8fbfbaecc1
225,225_Averge_2dc5116b-4c4b-4b15-9d70-b219597bee95
224,224_Averge_33022595-0e21-4ec2-bc10-207b8a433f58
224,224_Averge_91b7ea79-b1ba-43d2-bbac-67a4f656cddc
224,224_Hard_977257bd-d29e-48cf-aedc-8b2e2c7f8304
225,225_Averge_c8c06110-2267-46dc-96d9-717b6f739d64
225,225_Averge_fd9ee300-51eb-4c14-8dc3-811b587ecbb7
224,224_Easy_7144df5f-6055-4a1b-bce0-ac636932b5cf
224,224_Easy_af70ac73-23d9-477f-acd9-93357ceeed53
225,225_Averge_7121db46-fe54-478d-9d23-b5ecaeb8f8a8
224,224_Easy_216165d7-1c6f-482c-a1f9-679bf5a2e1a1
224,224_Averge_3372e2a3-db76-4608-8347-7618538690dd
224,224_Averge_67975183-cc0c-4a06-b003-0f523b74cdd1
224,224_Averge_7d3dad75-513e-4789-9ac4-aa3fb5d13920
224,224_Averge_27aebc4e-6457-4f2e-8767-3fe5c6309412
225,225_Averge_e79e52bb-ce55-4064-9a4e-95f7f52bbfb9
224,224_Averge_380cadd3-671c-41b4-8c9e-36c7b5f6f3a2
224,224_Averge_87b12427-91b7-4c44-bc9e-9bed2cd45c7f
224,224_Easy_0f13f704-77ba-48b9-8043-edeff6eda9c7
225,225_Averge_10c31e75-db90-4cf5-8d42-235302616d42
225,225_Easy_6d881067-e191-4749-81ee-b36fc6300398
224,224_Easy_1a286109-36b0-477a-a362-cd0416aa4739
224,224_Easy_91ff5355-203e-4761-b0e4-a6f6bd9ebec7
220,220_Easy_146c871f-7cbd-4da2-b6cd-6dc3e3619b78
224,224_Averge_01608e61-3150-4a09-88e0-46754ff074c5
221,221_Easy_02561c0e-3382-4d9c-9108-ed956f5f9ef7
220,220_Easy_27299383-7d8c-4d00-98a2-85c0025a302a
220,220_Easy_c9f7da72-e0ce-4b94-b622-33df015c2f97
220,220_Averge_154a6c9c-285b-4b64-8225-fac94c7a35df
221,221_Easy_41c0cd68-ff3c-4d53-a537-864c492648d4
221,221_Easy_c9336680-9f4f-4322-aaa7-39858707cd98
221,221_Easy_059216ee-3b52-4c1b-bc1b-640986835f9d
221,221_Easy_bd16a645-ec07-406c-b7be-d20afd9288f1
220,220_Averge_e8a33fc8-b62b-4262-a078-2c584ab3b303
221,221_Averge_045486db-bf9e-4343-94ee-133ac1ff2dd6
221,221_Averge_123301ce-8b9e-46c7-ba72-c017c8745a98
221,221_Averge_ea665708-e2b8-4bd1-b554-9668c8814eae
221,221_Averge_ecb471b1-caed-4cb6-a2eb-c0db883fb730